-- --------------------------------------------------------
-- Host:                         127.0.0.1
-- Server version:               10.4.32-MariaDB - mariadb.org binary distribution
-- Server OS:                    Win64
-- HeidiSQL Version:             12.7.0.6850
-- --------------------------------------------------------

/*!40101 SET @OLD_CHARACTER_SET_CLIENT=@@CHARACTER_SET_CLIENT */;
/*!40101 SET NAMES utf8 */;
/*!50503 SET NAMES utf8mb4 */;
/*!40103 SET @OLD_TIME_ZONE=@@TIME_ZONE */;
/*!40103 SET TIME_ZONE='+00:00' */;
/*!40014 SET @OLD_FOREIGN_KEY_CHECKS=@@FOREIGN_KEY_CHECKS, FOREIGN_KEY_CHECKS=0 */;
/*!40101 SET @OLD_SQL_MODE=@@SQL_MODE, SQL_MODE='NO_AUTO_VALUE_ON_ZERO' */;
/*!40111 SET @OLD_SQL_NOTES=@@SQL_NOTES, SQL_NOTES=0 */;


-- Dumping database structure for t_pm_db
CREATE DATABASE IF NOT EXISTS `t_pm_db` /*!40100 DEFAULT CHARACTER SET utf8mb4 COLLATE utf8mb4_general_ci */;
USE `t_pm_db`;

-- Dumping structure for table t_pm_db.automation
CREATE TABLE IF NOT EXISTS `automation` (
  `id` int(11) NOT NULL AUTO_INCREMENT,
  `ticket_id` int(11) DEFAULT NULL,
  `button_title` varchar(255) DEFAULT NULL,
  `button_action` varchar(255) DEFAULT NULL,
  PRIMARY KEY (`id`)
) ENGINE=InnoDB AUTO_INCREMENT=189 DEFAULT CHARSET=utf8mb4 COLLATE=utf8mb4_general_ci;

-- Dumping data for table t_pm_db.automation: ~38 rows (approximately)
INSERT INTO `automation` (`id`, `ticket_id`, `button_title`, `button_action`) VALUES
	(5, 476, 'move card from approved to rejected', 'movecardAutomation(\'476\', \'approved\', \'rejected\')'),
	(9, 486, 'copy card in approved', 'copycardAutomation(\'486\', \'for-approval\', \'approved\')'),
	(13, 486, 'new copy card to added ', 'copycardAutomation(\'486\', \'for-approval\', \'for-approval\')'),
	(15, 486, 'copy card auto for', 'copycardAutomation(\'486\', \'for-approval\', \'for-approval\')'),
	(24, 479, 'move card from todo to For-approval', 'movecardAutomation(\'479\', \'todo\', \'for-approval\')'),
	(27, 479, 'copy card from For-Approval to todo', 'copycardAutomation(\'479\', \'for-approval\', \'for-approval\')'),
	(44, 504, 'remove due date', 'removeDuedate(\'504\')'),
	(48, 504, 'mard due date', 'markduedate(\'504\')'),
	(49, 504, 'mark due date complete', 'markduedate(\'504\',\'complete\')'),
	(79, 516, 'move crd frm todo to inprogress', 'moveCardAutomation(\'516\', \'todo\', \'inprogress\')'),
	(80, 423, 'move card in approved', 'moveCardAutomation(\'423\', \'inprogress\', \'approved\')'),
	(81, 498, 'move card', 'moveCardAutomation(\'498\', \'inprogress\', \'approved\')'),
	(92, 498, 'add label button testing', 'addLabelAutomation(\'498\', \'rgb(233, 34, 34)\')'),
	(93, 504, 'add label button testing', 'addLabelAutomation(\'504\', \'rgb(46, 60, 185)\')'),
	(99, 466, 'add label button testing', 'addLabelAutomation(\'466\', \'rgb(218, 110, 21)\')'),
	(100, 466, 'label add done', 'addLabelAutomation(\'466\', \'rgb(218, 110, 21)\')'),
	(101, 466, 'set due date twohour', 'addduedateAutomation(\'466\', \'-2\', \'days\')'),
	(107, 516, 'move in rejected board', 'moveCardAutomation(\'516\', \'todo\', \'rejected\')'),
	(108, 516, 'copy in todo', 'copycardAutomation(\'516\', \'rejected\', \'todo\')'),
	(137, 532, 'remove checklist', 'removeAllChecklists(\'532\')'),
	(140, 531, 'mark due date', 'markduedate(\'531\', \'incomplete\')'),
	(141, 531, 'create set date button', 'addduedateAutomation(\'531\', \'11\', \'hours\')'),
	(142, 531, 'set new due date', 'addduedateAutomation(\'531\', \'6\', \'hours\')'),
	(143, 531, 'mark due date', 'markduedate(\'531\', \'incomplete\')'),
	(144, 531, 'remove due date automation', 'removeDuedate(\'531\')'),
	(146, 530, 'move card from todo to inprogress', 'moveCardAutomation(\'530\', \'todo\', \'inprogress\')'),
	(147, 530, 'copy card from todo to inprogress', 'copycardAutomation(\'530\', \'todo\', \'inprogress\')'),
	(148, 530, 'Add label button click', 'addLabelAutomation(\'530\', \'rgb(233, 34, 34)\')'),
	(149, 530, 'join card to new ticket for card a', 'joinCard(530)'),
	(151, 530, 'set due date two hour in card a', 'addduedateAutomation(\'530\', \'2\', \'hours\')'),
	(152, 530, 'mark due date to todo page in card a', 'markduedate(\'530\', \'complete\')'),
	(153, 530, 'remove due date automation', 'removeDuedate(\'530\')'),
	(154, 530, 'remove checklist is todo board in card a', 'removeAllChecklists(\'530\')'),
	(155, 530, 'copy card from todo to in progress not add button section', 'copycardAutomation(\'530\', \'todo\', \'inprogress\')'),
	(156, 530, 'new', 'moveCardAutomation(\'530\', \'todo\', \'inprogress\')'),
	(186, 530, 'test', '[object Object]'),
	(187, 530, 'test on main', '[object Object]'),
	(188, 530, 'test', '[object Object]');

-- Dumping structure for table t_pm_db.board
CREATE TABLE IF NOT EXISTS `board` (
  `id` int(11) NOT NULL AUTO_INCREMENT,
  `name` varchar(255) NOT NULL,
  `position` int(11) NOT NULL,
  `ticket_id` int(11) DEFAULT NULL,
  PRIMARY KEY (`id`),
  KEY `FK_board_tickets` (`ticket_id`),
  CONSTRAINT `FK_board_tickets` FOREIGN KEY (`ticket_id`) REFERENCES `tickets` (`ticket_id`) ON DELETE NO ACTION ON UPDATE NO ACTION
) ENGINE=InnoDB AUTO_INCREMENT=27 DEFAULT CHARSET=utf8mb4 COLLATE=utf8mb4_general_ci;

-- Dumping data for table t_pm_db.board: ~1 rows (approximately)
INSERT INTO `board` (`id`, `name`, `position`, `ticket_id`) VALUES
	(25, 'task - 10', 6, NULL),
	(26, 'task - 10', 7, NULL);

-- Dumping structure for table t_pm_db.card_categories
CREATE TABLE IF NOT EXISTS `card_categories` (
  ` category_id` int(11) NOT NULL AUTO_INCREMENT,
  `board_id` int(11) NOT NULL DEFAULT 0,
  `target` varchar(50) NOT NULL,
  `status` varchar(50) NOT NULL,
  PRIMARY KEY (` category_id`) USING BTREE,
  KEY `FK_card_categories_kanban_board` (`board_id`),
  CONSTRAINT `FK_card_categories_kanban_board` FOREIGN KEY (`board_id`) REFERENCES `kanban_board` (`board_id`) ON DELETE NO ACTION ON UPDATE NO ACTION
) ENGINE=InnoDB AUTO_INCREMENT=6 DEFAULT CHARSET=utf8mb4 COLLATE=utf8mb4_general_ci;

-- Dumping data for table t_pm_db.card_categories: ~4 rows (approximately)
INSERT INTO `card_categories` (` category_id`, `board_id`, `target`, `status`) VALUES
	(1, 1, 'todo-task', 'todo'),
	(2, 2, 'inprogress-task', 'inprogress'),
	(3, 3, 'for-approval-task', 'for-approval'),
	(4, 4, 'rejected-task', 'rejected'),
	(5, 5, 'approved-task', 'approved');

-- Dumping structure for table t_pm_db.checklist
CREATE TABLE IF NOT EXISTS `checklist` (
  `id` int(11) NOT NULL AUTO_INCREMENT,
  `ticket_id` int(11) DEFAULT NULL,
  `checklist` varchar(1000) DEFAULT NULL,
  `ticket_title` varchar(1000) DEFAULT NULL,
  PRIMARY KEY (`id`)
) ENGINE=InnoDB AUTO_INCREMENT=59 DEFAULT CHARSET=utf8mb4 COLLATE=utf8mb4_general_ci;

-- Dumping data for table t_pm_db.checklist: ~17 rows (approximately)
INSERT INTO `checklist` (`id`, `ticket_id`, `checklist`, `ticket_title`) VALUES
	(21, 404, 'list', 'test-01'),
	(22, 405, 'testiing', 'test-01__02 task'),
	(23, 473, '', 'new task 21'),
	(24, 420, 'new checklist', 'new task'),
	(25, 481, 'new task', 'new task copied'),
	(29, 409, 'new auto', 'new tasj03'),
	(35, 507, 'Added list', 'new task 21'),
	(38, 514, 'new checklist', 'new task testing'),
	(39, 506, 'checklist title added', 'new task 21'),
	(41, 516, 'new checklist', 'new task today'),
	(42, 492, 'checklist title added', 'new task'),
	(43, 516, 'test checklist', 'new task today'),
	(44, 423, 'check testing', 'new task testing '),
	(45, 528, 'test checklist', 'new task today'),
	(46, 528, 'test checklist', 'new task today'),
	(52, 531, 'new checklist', 'b'),
	(58, 530, 'test checklist', 'a');

-- Dumping structure for table t_pm_db.comments
CREATE TABLE IF NOT EXISTS `comments` (
  `comment_id` int(11) NOT NULL AUTO_INCREMENT,
  `ticket_id` int(11) NOT NULL,
  `user_id` int(11) NOT NULL,
  `content` text NOT NULL,
  `created_at` datetime DEFAULT current_timestamp(),
  PRIMARY KEY (`comment_id`),
  KEY `ticket_id` (`ticket_id`),
  KEY `user_id` (`user_id`),
  CONSTRAINT `comments_ibfk_1` FOREIGN KEY (`ticket_id`) REFERENCES `tickets` (`ticket_id`),
  CONSTRAINT `comments_ibfk_2` FOREIGN KEY (`user_id`) REFERENCES `users` (`user_id`)
) ENGINE=InnoDB DEFAULT CHARSET=utf8mb4 COLLATE=utf8mb4_general_ci;

-- Dumping data for table t_pm_db.comments: ~0 rows (approximately)

-- Dumping structure for table t_pm_db.feature_comparison
CREATE TABLE IF NOT EXISTS `feature_comparison` (
  `id` int(11) NOT NULL AUTO_INCREMENT,
  `feature` varchar(255) NOT NULL,
  `trello` tinyint(1) NOT NULL,
  `tpm` tinyint(1) NOT NULL,
  `notes` text DEFAULT NULL,
  `trello_image` varchar(50) DEFAULT NULL,
  `t_pm_image` varchar(50) DEFAULT NULL,
  PRIMARY KEY (`id`)
) ENGINE=InnoDB AUTO_INCREMENT=113 DEFAULT CHARSET=utf8mb4 COLLATE=utf8mb4_general_ci;

-- Dumping data for table t_pm_db.feature_comparison: ~107 rows (approximately)
INSERT INTO `feature_comparison` (`id`, `feature`, `trello`, `tpm`, `notes`, `trello_image`, `t_pm_image`) VALUES
	(1, 'Boards, Lists & Cards', 1, 1, 'Basic implementation in T&PM', 'trello_image01.png', 'tpm_image01.png'),
	(2, 'Drag-and-drop organization', 1, 1, 'Drag-and-drop organization implemented', 'trello_image02.png', 'tpm_image02.png'),
	(3, 'Color-coded labels', 1, 1, 'Color-coded labels implemented', 'trello_image03.png', 'tpm_image03.png'),
	(4, 'Due dates & deadlines', 1, 1, 'Needs better improvement', 'trello_image04.png', 'tpm_image04.png'),
	(5, 'User roles & permissions', 1, 1, 'Partial roles & permission functionality', 'trello_image05.png', 'tpm_image05.png'),
	(6, 'Task assignments', 1, 1, 'Basic functionality exists', 'trello_image06.png', 'tpm_image06.png'),
	(7, 'Comments & reactions', 1, 1, 'Not implemented yet', 'trello_image07.png', 'tpm_image_missing.png'),
	(8, 'Attachments & file uploads', 1, 1, 'Needs improvement in UI/UX', 'trello_image08.png', 'tpm_image08.png'),
	(9, 'Activity logs & task history', 1, 1, 'Activity logs & task history not implemented', 'trello_image09.png', 'tpm_image09.png'),
	(10, 'Automation (Butler)', 1, 2, 'No automation in T&PM yet', 'trello_image10.png', 'tpm_image_missing.png'),
	(11, 'Custom fields', 1, 2, 'Not implemented yet', 'trello_image11.png', 'tpm_image_missing.png'),
	(12, 'Calendar view', 1, 2, 'Not implemented yet', 'trello_image12.png', 'tpm_image_missing.png'),
	(13, 'Timeline (Gantt) view', 1, 2, 'Not implemented yet', 'trello_image13.png', 'tpm_image_missing.png'),
	(14, 'Integrations (Slack, etc.)', 1, 2, 'No third-party integrations', 'trello_image14.png', 'tpm_image_missing.png'),
	(15, 'Webhooks & API', 1, 1, 'Webhooks & API implemented', 'tpm_image_missing.png', 'tpm_image_missing.png'),
	(16, '	Mobile & Desktop Apps', 1, 1, '	Mobile & Desktop Apps implemented', 'trello_image16.png', 'tpm_image16.png'),
	(17, '	Offline mode', 1, 2, 'Not implemented yet', 'tpm_image_missing.png', 'tpm_image_missing.png'),
	(18, '	About this board', 1, 2, 'Not implemented yet', 'trello_image18.png', 'tpm_image_missing.png'),
	(19, 'Archived items', 1, 2, 'Not implemented yet', 'trello_image19.png', 'tpm_image_missing.png'),
	(20, '	Setting', 1, 1, 'Setting implemented', 'trello_image20.png', 'tpm_image20.png'),
	(21, '	Change background', 1, 1, 'Change background implemented', 'trello_image21.png', 'tpm_image21.png'),
	(22, '	Power-Ups', 1, 2, 'Not implemented yet', 'trello_image22.png', 'tpm_image_missing.png'),
	(23, '	Labels', 1, 2, 'Not implemented yet', 'trello_image23.png', 'tpm_image_missing.png'),
	(24, 'Stickers', 1, 2, 'Not implemented yet', 'trello_image24.png', 'tpm_image_missing.png'),
	(25, 'Make template', 1, 2, 'Not implemented yet', 'trello_image25.png', 'tpm_image_missing.png'),
	(26, 'Watch', 1, 2, 'Not implemented yet', 'trello_image26.png', 'tpm_image_missing.png'),
	(27, 'Collapse list', 1, 2, 'Not implemented yet', 'trello_image27.png', 'tpm_image_missing.png'),
	(28, 'Copy board', 1, 2, 'Not implemented yet', 'trello_image28.png', 'tpm_image_missing.png'),
	(29, '	Print, export and share', 1, 2, 'Not implemented yet', 'trello_image29.png', 'tpm_image_missing.png'),
	(30, 'Notification', 1, 1, '	Notification implemented', 'trello_image30.png', 'tpm_image30.png'),
	(31, 'Edit profile (logout, etc.)', 1, 1, 'Edit profile (logout, etc.) implemented', 'trello_image31.png', 'tpm_image31.png'),
	(32, '	Light/Dark modes', 1, 1, 'Light/Dark modes implemented', 'trello_image32.png', 'tpm_image32.png'),
	(33, '	Location', 1, 1, 'Location implemented', 'trello_image33.png', 'tpm_image33.png'),
	(34, '	Title, start date', 1, 1, 'Title, start date implemented', 'trello_image34.png', 'tpm_image34.png'),
	(35, 'Add new board/list', 1, 1, 'Add new board/list implemented', 'trello_image35.png', 'tpm_image35.png'),
	(36, 'Add new card', 1, 1, '	Add new card implemented', 'trello_image36.png', 'tpm_image36.png'),
	(37, 'Share board', 1, 2, 'Not implemented yet', 'trello_image37.png', 'tpm_image_missing.png'),
	(38, '	Boards', 1, 1, 'Implemented', 'trello_image38.png', 'tpm_image38.png'),
	(39, 'Filter by', 1, 2, '	Not implemented yet', 'trello_image39.png', 'tpm_image_missing.png'),
	(40, '	Search board', 1, 1, 'Implemented', 'trello_image40.png', 'tpm_image40.png'),
	(41, 'Create board', 1, 1, 'Implemented', 'trello_image41.png', 'tpm_image41.png'),
	(42, 'Information', 1, 2, 'Not implemented yet', 'trello_image42.png', 'tpm_image_missing.png'),
	(43, 'Workspace members', 1, 2, 'Not implemented yet', 'trello_image43.png', 'tpm_image_missing.png'),
	(44, 'List', 1, 2, 'Not implemented yet', 'trello_image44.png', 'tpm_image_missing.png'),
	(45, 'Guests', 1, 2, 'Not implemented yet', 'trello_image45.png', 'tpm_image_missing.png'),
	(46, 'Join request', 1, 2, 'Not implemented yet', 'trello_image46.png', 'tpm_image_missing.png'),
	(47, 'All Search', 1, 2, 'Not implemented yet', 'trello_image47.png', 'tpm_image_missing.png'),
	(48, 'Starred', 1, 2, 'Not implemented yet', 'trello_image48.png', 'tpm_image_missing.png'),
	(49, '	Move card', 1, 1, 'Implemented', 'trello_image49.png', 'tpm_image49.png'),
	(50, 'Add checklist', 1, 2, 'Not implemented yet', 'trello_image50.png', 'tpm_image_missing.png'),
	(51, '	Cover', 1, 2, 'Not implemented yet', 'trello_image51.png', 'tpm_image_missing.png'),
	(52, 'List actions', 1, 2, 'Not implemented yet', 'trello_image52.png', 'tpm_image_missing.png'),
	(53, 'Collapse list', 1, 2, 'Not implemented yet', 'trello_image53.png', 'tpm_image_missing.png'),
	(54, '	Edit button', 1, 1, 'Implemented', 'trello_image54.png', 'tpm_image54.png'),
	(55, 'Add label', 1, 2, 'Not implemented yet', 'trello_image55.png', 'tpm_image_missing.png'),
	(56, '	Join card', 1, 2, 'Not implemented yet', 'trello_image56.png', 'tpm_image_missing.png'),
	(57, 'Mark due date', 1, 2, 'Not implemented yet', 'trello_image57.png', 'tpm_image_missing.png'),
	(58, '	Remove Member', 1, 2, 'Not implemented yet', 'trello_image58.png', 'tpm_image_missing.png'),
	(59, 'Sort list', 1, 2, 'Not implemented yet', 'trello_image59.png', 'tpm_image_missing.png'),
	(60, 'Add and edit views', 1, 2, 'Not implemented yet', 'trello_image60.png', 'tpm_image_missing.png'),
	(61, 'Filters', 1, 1, 'Implemented', 'trello_image61.png', 'tpm_image61.png'),
	(62, 'Automation rules', 1, 2, 'Not implemented yet', 'trello_image62.png', 'tpm_image_missing.png'),
	(63, 'Automation buttons', 1, 2, 'Not implemented yet', 'trello_image63.png', 'tpm_image_missing.png'),
	(64, 'Automation email reports', 1, 2, 'Not implemented yet', 'trello_image64.png', 'tpm_image_missing.png'),
	(65, 'Automation send feedback', 1, 2, 'Not implemented yet', 'trello_image65.png', 'tpm_image_missing.png'),
	(66, 'View member/profile', 1, 1, 'Implemented', 'trello_image66.png', 'tpm_image66.png'),
	(67, 'Descriptions', 1, 1, 'Implemented', 'trello_image67.png', 'tpm_image67.png'),
	(68, '	Email to board', 1, 2, 'Not implemented yet', 'trello_image68.png', 'tpm_image_missing.png'),
	(69, '	Close board', 1, 2, 'Not implemented yet', 'trello_image69.png', 'tpm_image_missing.png'),
	(70, 'Change Visibility', 1, 2, 'Not implemented yet', 'trello_image70.png', 'tpm_image_missing.png'),
	(71, 'Create a view', 1, 2, 'Not implemented yet', 'trello_image71.png', 'tpm_image_missing.png'),
	(72, 'Table remove view', 1, 2, 'Not implemented yet', 'trello_image72.png', 'tpm_image_missing.png'),
	(73, 'Workspace setting', 1, 2, 'Not implemented yet', 'trello_image73.png', 'tpm_image_missing.png'),
	(74, 'Workspace profile logo', 1, 2, 'Not implemented yet', 'trello_image74.png', 'tpm_image_missing.png'),
	(75, '	Invite workspace members', 1, 2, 'Not implemented yet', 'trello_image75.png', 'tpm_image_missing.png'),
	(76, '	Templates', 1, 2, 'Not implemented yet', 'trello_image76.png', 'tpm_image_missing.png'),
	(77, 'Create a rule', 1, 2, 'Not implemented yet', 'trello_image77.png', 'tpm_image_missing.png'),
	(78, '	Change list', 1, 2, 'Not implemented yet', 'trello_image78.png', 'tpm_image_missing.png'),
	(79, 'Change label', 1, 2, 'Not implemented yet', 'trello_image79.png', 'tpm_image_missing.png'),
	(80, 'Change/search members', 1, 1, 'Implemented', 'trello_image80.png', 'tpm_image80.png'),
	(81, 'Change due date', 1, 1, 'Implemented', 'trello_image81.png', 'tpm_image81.png'),
	(82, 'Date sorting', 1, 2, 'Not implemented yet', 'trello_image82.png', 'tpm_image_missing.png'),
	(83, 'Change name', 1, 1, 'Implemented', 'trello_image83.png', 'tpm_image83.png'),
	(84, 'Collapse sidebar', 1, 1, 'Implemented', 'trello_image84.png', 'tpm_image84.png'),
	(85, 'Your boards', 1, 1, 'Implemented', 'trello_image85.png', 'tpm_image85.png'),
	(86, 'Profile and visibility', 1, 1, 'Implemented', 'trello_image86.png', 'tpm_image86.png'),
	(87, '	Create workspace view', 1, 2, '	Not implemented yet', 'trello_image87.png', 'tpm_image_missing.png'),
	(88, 'Start with a template', 1, 2, 'Not implemented yet', 'trello_image88.png', 'tpm_image_missing.png'),
	(89, '	Change workspace', 1, 2, 'Not implemented yet', 'trello_image89.png', 'tpm_image_missing.png'),
	(90, 'Add to collection', 1, 2, 'Not implemented yet', 'trello_image90.png', 'tpm_image_missing.png'),
	(91, 'Commenting permissions', 1, 2, 'Not implemented yet', 'trello_image91.png', 'tpm_image_missing.png'),
	(92, 'Adding and removing members', 1, 1, '	Implemented', 'trello_image92.png', 'tpm_image92.png'),
	(93, 'Analiytics & reporting', 1, 2, 'Not implemented yet', 'trello_image93.png', 'tpm_image_missing.png'),
	(94, 'Automation list', 1, 2, 'Not implemented yet', 'trello_image94.png', 'tpm_image_missing.png'),
	(95, 'Board utilities', 1, 2, '	Not implemented yet', 'trello_image95.png', 'tpm_image_missing.png'),
	(96, '	Enabled', 1, 2, 'Not implemented yet', 'trello_image96.png', 'tpm_image_missing.png'),
	(97, 'Made by trello', 1, 2, 'Not implemented yet', 'trello_image97.png', 'tpm_image_missing.png'),
	(98, 'Let\'s build a workspace', 1, 2, 'Not implemented yet', 'trello_image98.png', 'tpm_image_missing.png'),
	(99, 'Communication & collaboration', 1, 2, 'Not implemented yet', 'trello_image99.png', 'tpm_image_missing.png'),
	(100, '	Help', 1, 2, 'Not implemented yet', 'trello_image100.png', 'tpm_image_missing.png'),
	(101, '	shortcuts', 1, 1, 'Implemented', 'trello_image101.png', 'tpm_image101.png'),
	(102, 'Scheduled automation', 1, 2, 'Not Implemented yet', 'trello_image102.png', 'tpm_image_missing.png'),
	(103, 'Due date automations', 1, 2, 'Not Implemented yet', 'trello_image103.png', 'tpm_image_missing.png'),
	(104, 'Automations Board buttons', 1, 2, 'Not implemented yet', 'trello_image104.png', 'tpm_image_missing.png'),
	(105, 'App automations', 1, 2, 'Not implemented yet', 'trello_image105.png', 'tpm_image_missing.png'),
	(106, 'Automation tips', 1, 2, 'Not implemented yet', 'trello_image106.png', 'tpm_image_missing.png'),
	(107, 'Automations activity', 1, 2, 'Not implemented yet', 'trello_image107.png', 'tpm_image_missing.png'),
	(108, 'Table', 1, 2, 'Not implemented yet', 'trello_image108.png', 'tpm_image_missing.png'),
	(109, 'Choose a category', 1, 2, 'Not implemented yet', 'trello_image109.png', 'tpm_image_missing.png'),
	(110, 'Mirror card', 1, 2, 'Not implemented yet', 'trello_image110.png', 'tpm_image_missing.png'),
	(111, 'About automations', 1, 2, 'Not implemented yet', 'trello_image111.png', 'tpm_image_missing.png'),
	(112, 'Copy card', 1, 2, 'Not implemented yet', 'trello_image112.png', 'tpm_image_missing.png');

-- Dumping structure for table t_pm_db.join_card
CREATE TABLE IF NOT EXISTS `join_card` (
  `id` int(11) NOT NULL AUTO_INCREMENT,
  `ticket_id` int(11) DEFAULT NULL,
  `joined_username` varchar(50) DEFAULT NULL,
  PRIMARY KEY (`id`),
  KEY `FK__tickets` (`ticket_id`),
  CONSTRAINT `FK__tickets` FOREIGN KEY (`ticket_id`) REFERENCES `tickets` (`ticket_id`) ON DELETE NO ACTION ON UPDATE NO ACTION
) ENGINE=InnoDB AUTO_INCREMENT=70 DEFAULT CHARSET=utf8mb4 COLLATE=utf8mb4_general_ci;

-- Dumping data for table t_pm_db.join_card: ~3 rows (approximately)
INSERT INTO `join_card` (`id`, `ticket_id`, `joined_username`) VALUES
	(55, 466, 'Thunder'),
	(68, 530, 'Thunder'),
	(69, 531, 'Aman');

-- Dumping structure for table t_pm_db.kanban_board
CREATE TABLE IF NOT EXISTS `kanban_board` (
  `board_id` int(11) NOT NULL AUTO_INCREMENT,
  `board_title` varchar(50) DEFAULT NULL,
  `order` int(11) DEFAULT NULL,
  PRIMARY KEY (`board_id`) USING BTREE
) ENGINE=InnoDB AUTO_INCREMENT=49 DEFAULT CHARSET=utf8mb4 COLLATE=utf8mb4_general_ci;

-- Dumping data for table t_pm_db.kanban_board: ~5 rows (approximately)
INSERT INTO `kanban_board` (`board_id`, `board_title`, `order`) VALUES
	(1, 'todo', 1),
	(2, 'inprogress', 2),
	(3, 'for-approval', 3),
	(4, 'rejected', 4),
	(5, 'approved', 5);

-- Dumping structure for table t_pm_db.kanban_order
CREATE TABLE IF NOT EXISTS `kanban_order` (
  `id` int(11) NOT NULL AUTO_INCREMENT,
  `board_id` varchar(255) NOT NULL,
  `position` int(11) NOT NULL,
  PRIMARY KEY (`id`)
) ENGINE=InnoDB AUTO_INCREMENT=2021 DEFAULT CHARSET=utf8mb4 COLLATE=utf8mb4_general_ci;

-- Dumping data for table t_pm_db.kanban_order: ~6 rows (approximately)
INSERT INTO `kanban_order` (`id`, `board_id`, `position`) VALUES
	(2015, 'board-1', 1),
	(2016, 'board-2', 2),
	(2017, 'board-3', 3),
	(2018, 'board-4', 4),
	(2019, 'board-5', 5),
	(2020, 'board-8', 6);

-- Dumping structure for table t_pm_db.projects
CREATE TABLE IF NOT EXISTS `projects` (
  `project_id` int(11) NOT NULL AUTO_INCREMENT,
  `project_name` varchar(255) NOT NULL,
  `project_leader_id` int(11) DEFAULT NULL,
  `description` text DEFAULT NULL,
  `project_status` int(11) DEFAULT NULL,
  `project_type` varchar(50) NOT NULL,
  `total_eta` datetime NOT NULL,
  `created_at` datetime DEFAULT current_timestamp(),
  `updated_at` datetime DEFAULT current_timestamp() ON UPDATE current_timestamp(),
  PRIMARY KEY (`project_id`),
  KEY `project_leader_id` (`project_leader_id`),
  CONSTRAINT `projects_ibfk_1` FOREIGN KEY (`project_leader_id`) REFERENCES `users` (`user_id`)
) ENGINE=InnoDB AUTO_INCREMENT=93 DEFAULT CHARSET=utf8mb4 COLLATE=utf8mb4_general_ci;

-- Dumping data for table t_pm_db.projects: ~3 rows (approximately)
INSERT INTO `projects` (`project_id`, `project_name`, `project_leader_id`, `description`, `project_status`, `project_type`, `total_eta`, `created_at`, `updated_at`) VALUES
	(36, 'Dashboard', 12, 'All tasks (Cards) related to the Dashboard will be added under this Project.', 1, 'project', '2025-01-31 17:26:00', '2025-01-10 17:27:05', '2025-01-10 17:27:05'),
	(37, 'Calendar', 12, 'All tasks (Cards) related to the Calendar will be added under this Project.', 1, 'project', '2025-01-31 17:27:00', '2025-01-10 17:27:56', '2025-01-10 17:27:56'),
	(69, 'Project and Tickets', 12, 'All tasks (Cards) related to the Dashboard will be added under this Project.', 1, 'project', '2025-01-31 19:01:00', '2025-01-24 14:56:39', '2025-01-24 14:56:39');

-- Dumping structure for table t_pm_db.project_members
CREATE TABLE IF NOT EXISTS `project_members` (
  `pm_id` int(11) NOT NULL AUTO_INCREMENT,
  `project_id` int(11) NOT NULL,
  `user_id` int(11) NOT NULL,
  `role_in_project` varchar(100) DEFAULT NULL,
  PRIMARY KEY (`pm_id`),
  KEY `project_id` (`project_id`),
  KEY `user_id` (`user_id`),
  CONSTRAINT `project_members_ibfk_1` FOREIGN KEY (`project_id`) REFERENCES `projects` (`project_id`),
  CONSTRAINT `project_members_ibfk_2` FOREIGN KEY (`user_id`) REFERENCES `users` (`user_id`)
) ENGINE=InnoDB DEFAULT CHARSET=utf8mb4 COLLATE=utf8mb4_general_ci;

-- Dumping data for table t_pm_db.project_members: ~0 rows (approximately)

-- Dumping structure for table t_pm_db.roles
CREATE TABLE IF NOT EXISTS `roles` (
  `role_id` int(11) NOT NULL AUTO_INCREMENT,
  `role_name` varchar(100) NOT NULL,
  `created_at` datetime DEFAULT current_timestamp(),
  `updated_at` datetime DEFAULT current_timestamp() ON UPDATE current_timestamp(),
  PRIMARY KEY (`role_id`)
) ENGINE=InnoDB AUTO_INCREMENT=38 DEFAULT CHARSET=utf8mb4 COLLATE=utf8mb4_general_ci;

-- Dumping data for table t_pm_db.roles: ~5 rows (approximately)
INSERT INTO `roles` (`role_id`, `role_name`, `created_at`, `updated_at`) VALUES
	(1, 'Admin', '2025-01-03 13:43:30', '2025-01-28 11:45:46'),
	(2, 'Project Manager', '2025-01-03 15:11:10', '2025-01-27 17:07:59'),
	(3, 'Team Member', '2025-01-03 15:12:35', '2025-01-03 15:12:35'),
	(30, 'Developer', '2025-01-27 19:11:14', '2025-01-27 19:18:07'),
	(31, 'Tester', '2025-01-27 19:11:31', '2025-01-27 19:11:31');

-- Dumping structure for table t_pm_db.role_history
CREATE TABLE IF NOT EXISTS `role_history` (
  `id` int(11) NOT NULL AUTO_INCREMENT,
  `role_id` int(11) NOT NULL,
  `old_role_name` varchar(255) DEFAULT NULL,
  `updated_at` timestamp NOT NULL DEFAULT current_timestamp(),
  PRIMARY KEY (`id`),
  KEY `role_id` (`role_id`),
  CONSTRAINT `role_history_ibfk_1` FOREIGN KEY (`role_id`) REFERENCES `roles` (`role_id`) ON DELETE CASCADE
) ENGINE=InnoDB AUTO_INCREMENT=15 DEFAULT CHARSET=utf8mb4 COLLATE=utf8mb4_general_ci;

-- Dumping data for table t_pm_db.role_history: ~10 rows (approximately)
INSERT INTO `role_history` (`id`, `role_id`, `old_role_name`, `updated_at`) VALUES
	(1, 2, 'Project Manager', '2025-01-27 10:27:54'),
	(2, 2, 'Project Leader', '2025-01-27 11:37:59'),
	(3, 1, 'Admin', '2025-01-27 13:05:05'),
	(4, 1, 'Admin updated', '2025-01-27 13:10:28'),
	(6, 30, 'Developer', '2025-01-27 13:46:29'),
	(7, 1, 'Admin', '2025-01-27 13:46:44'),
	(8, 1, 'Admin 2', '2025-01-27 13:47:56'),
	(9, 30, 'Developer update', '2025-01-27 13:48:07'),
	(10, 1, 'Admin', '2025-01-27 13:49:56'),
	(11, 1, 'Admin 2', '2025-01-28 06:15:46');

-- Dumping structure for table t_pm_db.session_log
CREATE TABLE IF NOT EXISTS `session_log` (
  `id` int(11) NOT NULL AUTO_INCREMENT,
  `session_id` varchar(255) DEFAULT NULL,
  `user_id` int(11) DEFAULT NULL,
  `expire_time` datetime DEFAULT NULL,
  `created_at` timestamp NULL DEFAULT current_timestamp(),
  `updated_at` timestamp NULL DEFAULT current_timestamp() ON UPDATE current_timestamp(),
  PRIMARY KEY (`id`),
  KEY `FK_session_log_users` (`user_id`),
  CONSTRAINT `FK_session_log_users` FOREIGN KEY (`user_id`) REFERENCES `users` (`user_id`) ON DELETE NO ACTION ON UPDATE NO ACTION
) ENGINE=InnoDB AUTO_INCREMENT=1411 DEFAULT CHARSET=utf8mb4 COLLATE=utf8mb4_general_ci;

-- Dumping data for table t_pm_db.session_log: ~1,130 rows (approximately)
INSERT INTO `session_log` (`id`, `session_id`, `user_id`, `expire_time`, `created_at`, `updated_at`) VALUES
	(86, 'IQdNsVcCfVil_wQcgZcWvVI2Bf--YnNV', 12, '2025-01-10 17:37:58', '2025-01-10 11:52:59', '2025-01-10 11:52:59'),
	(87, '8dxuNDV50Qe1vS6UQ9bGKGBDbDRpd07R', 12, '2025-01-10 17:39:18', '2025-01-10 11:54:19', '2025-01-10 11:54:19'),
	(88, 'jaSosbLMkNPdGUliSWrarzGlWtfFv54U', 12, '2025-01-10 18:00:04', '2025-01-10 12:15:04', '2025-01-10 12:15:04'),
	(89, 'VBXuGe35MdDtKvLKSDBIbmyXJ8lT_KNE', 13, '2025-01-10 18:10:18', '2025-01-10 12:25:18', '2025-01-10 12:25:18'),
	(90, '__4l-yd_5f_f7Mt0vNJ5nWPf_I86IvU1', 12, '2025-01-10 18:24:06', '2025-01-10 12:39:06', '2025-01-10 12:39:06'),
	(91, 'kPH3QlIDg8rsxC3ooh2dHng4fodH42IY', 12, '2025-01-10 18:24:11', '2025-01-10 12:39:11', '2025-01-10 12:39:11'),
	(92, 'w9GpjRPRSGgU4aZWB2JAyKNXqcmFbMp4', 12, '2025-01-10 18:25:39', '2025-01-10 12:40:39', '2025-01-10 12:40:39'),
	(93, 'ZLjmJDaLUlB0v3ewhJE5vqu2_GyF-R0T', 12, '2025-01-10 18:29:11', '2025-01-10 12:44:11', '2025-01-10 12:44:11'),
	(94, 'tz2a9QInh2pMWNOR7x9FCtQGNUelCEKn', 12, '2025-01-10 18:36:50', '2025-01-10 12:51:50', '2025-01-10 12:51:50'),
	(95, 'EPLyXW6JvnvgfO0FJBDtiSgYL3KCSaOR', 12, '2025-01-10 18:54:18', '2025-01-10 13:09:18', '2025-01-10 13:09:18'),
	(96, 'hW2MydSnvTfGilfgRCYsqatQf-gT0G0j', 12, '2025-01-10 18:54:38', '2025-01-10 13:09:38', '2025-01-10 13:09:38'),
	(97, 'A6fEozBf979qWOhbAPCqasmBXzwij4Ab', 12, '2025-01-10 18:56:15', '2025-01-10 13:11:15', '2025-01-10 13:11:15'),
	(98, 'vs_v_8FsMDHIyRmZsvfzghcL6rKf0Aa0', 12, '2025-01-10 19:11:15', '2025-01-10 13:26:16', '2025-01-10 13:26:16'),
	(99, 'dJxU5mV2aDXzxXLV68_T6zJREPzx_p8Z', 12, '2025-01-11 10:57:40', '2025-01-11 05:12:40', '2025-01-11 05:12:40'),
	(100, 'BulmQpbLSDMX-I-4_ipL4gJKnIu7wCGb', 12, '2025-01-11 11:01:30', '2025-01-11 05:16:30', '2025-01-11 05:16:30'),
	(101, 'nAhRC_kw_pwZiQbgW1o7i98hgqfzAr9r', 12, '2025-01-11 11:25:35', '2025-01-11 05:40:35', '2025-01-11 05:40:35'),
	(102, 'ncJCt1faJTaYTrfsGvyIIBzSGYzTDQAM', 12, '2025-01-11 14:02:16', '2025-01-11 08:17:16', '2025-01-11 08:17:16'),
	(103, 'AD7Ms9Gzs_kyrGJvIhxATfVb8QmSOzXs', 12, '2025-01-11 14:03:37', '2025-01-11 08:18:37', '2025-01-11 08:18:37'),
	(104, '3BGmYYEi91h05DvYh8BspssrrMgQmS7n', 12, '2025-01-11 14:19:12', '2025-01-11 08:34:12', '2025-01-11 08:34:12'),
	(105, 'XwnX_qEvUbF2BQYRXGCfCnjf0RlM2_4l', 12, '2025-01-11 14:19:12', '2025-01-11 08:34:12', '2025-01-11 08:34:12'),
	(106, 'MnyGvp7VHIwXrS_vUt6F5GcpknBhCyHz', 12, '2025-01-11 15:49:31', '2025-01-11 10:04:32', '2025-01-11 10:04:32'),
	(107, 'wP6YhIPrbjFeGjsH4ZRYgLvdtEhLDbB2', 12, '2025-01-11 16:18:41', '2025-01-11 10:33:41', '2025-01-11 10:33:41'),
	(108, 'Ah5BGxfwR1wl5P0AHM-YAhCvIdlfIRKz', 12, '2025-01-11 16:21:06', '2025-01-11 10:36:06', '2025-01-11 10:36:06'),
	(109, 'RZuMi5e-co2JoPiVUYkQ42MBWaooM75k', 12, '2025-01-11 16:21:28', '2025-01-11 10:36:28', '2025-01-11 10:36:28'),
	(110, '6u8gM11FCqzE99qqfrRejYeY6OH1Ibkl', 12, '2025-01-11 17:58:21', '2025-01-11 12:13:21', '2025-01-11 12:13:21'),
	(111, 'sgdKyXUgNDk8ryy-LygmLUkxdax4bv0c', 12, '2025-01-11 17:58:22', '2025-01-11 12:13:22', '2025-01-11 12:13:22'),
	(112, 'HQKEzvtoBIetuvph5ho5xSmTKYhhq_TJ', 12, '2025-01-11 18:02:56', '2025-01-11 12:17:56', '2025-01-11 12:17:56'),
	(113, '8ftm4-OAhhselPhGcBfJfuhE0dwzeplW', 12, '2025-01-11 18:11:38', '2025-01-11 12:26:38', '2025-01-11 12:26:38'),
	(114, '4X2e9VqKP6-olsWr31DtV4mIGUGI3UFe', 12, '2025-01-11 18:15:50', '2025-01-11 12:30:50', '2025-01-11 12:30:50'),
	(115, 'cAXkmBTjpF9umfU_GlqkoEq2JikgfPyn', 12, '2025-01-11 18:31:21', '2025-01-11 12:46:21', '2025-01-11 12:46:21'),
	(116, '2io7WBgzkpabbR7WlQJuqqKWnCmru-K2', 12, '2025-01-11 19:13:46', '2025-01-11 13:28:46', '2025-01-11 13:28:46'),
	(117, 'XJ3fAySWOkAXn778Zq0HkP1abjQlNwVF', 12, '2025-01-11 19:14:32', '2025-01-11 13:29:32', '2025-01-11 13:29:32'),
	(118, 'nD2ODmglA5uLMsHlhEES8jhOIrXTsRbe', 12, '2025-01-11 19:15:16', '2025-01-11 13:30:16', '2025-01-11 13:30:16'),
	(119, 'XHXVQEdXvXqzSxMVpSAUO96u0YTAIf6A', 12, '2025-01-11 19:31:40', '2025-01-11 13:46:40', '2025-01-11 13:46:40'),
	(120, 'XW9iFq0oR-_CQ2-R711kCsD0HwvjNl7d', 12, '2025-01-11 19:32:36', '2025-01-11 13:47:36', '2025-01-11 13:47:36'),
	(121, 'KuJ3sfp-Ss7rd0zjJBakOQ0_HyoH7UCB', 12, '2025-01-11 19:38:54', '2025-01-11 13:53:54', '2025-01-11 13:53:54'),
	(122, 'Uf33yO0JcWh9pXcWEBdu0FSVErtfse4e', 12, '2025-01-11 19:48:16', '2025-01-11 14:03:16', '2025-01-11 14:03:16'),
	(123, 'Kqxp5K6s6TkrW6dcWcV7zfYW-xRVHTT_', 12, '2025-01-11 20:01:13', '2025-01-11 14:16:13', '2025-01-11 14:16:13'),
	(124, 'rDxCcEJrGHtIhAYnHzlMIH_EABMdIABV', 12, '2025-01-11 20:51:02', '2025-01-11 15:06:02', '2025-01-11 15:06:02'),
	(125, 'RjbVDj5KyXGQSYJTTX2vdo5zbuf-ggQh', 12, '2025-01-14 11:34:27', '2025-01-14 05:49:27', '2025-01-14 05:49:27'),
	(126, 'pmb0qsGwP0DlN4bZQ8hi1IWi3w3p12x_', 12, '2025-01-14 11:50:02', '2025-01-14 06:05:02', '2025-01-14 06:05:02'),
	(127, 'bHOFCrYUkDvykVG-RLM68_FWh3ul3K1O', 12, '2025-01-14 11:53:48', '2025-01-14 06:08:49', '2025-01-14 06:08:49'),
	(128, 'jiQDyfv_CvaItNd8X3ksG121748twmQG', 12, '2025-01-14 11:55:38', '2025-01-14 06:10:39', '2025-01-14 06:10:39'),
	(129, 'uOAE9zaG_a1Zr4mayDYQpFFDSvz3tZwZ', 12, '2025-01-14 11:56:13', '2025-01-14 06:11:13', '2025-01-14 06:11:13'),
	(130, '0v_FgqOoPu1iwQ1byasbm0KDDbr4Fgbw', 12, '2025-01-14 12:13:05', '2025-01-14 06:28:05', '2025-01-14 06:28:05'),
	(131, 'x64gFLamPp70jEnuuv9Rc2putym6Hnol', 12, '2025-01-14 16:09:42', '2025-01-14 10:24:43', '2025-01-14 10:24:43'),
	(132, '_GggHKIzfP7RnQkpRpVBNdu7AsiuPQsk', 12, '2025-01-15 17:09:22', '2025-01-15 11:24:22', '2025-01-15 11:24:22'),
	(133, 'SAoWwMWp-ilvPMTA9-AhxpYxP0UTwd5x', 12, '2025-01-15 17:41:18', '2025-01-15 11:56:18', '2025-01-15 11:56:18'),
	(134, 'ggijIuQApozJZbWLloUolPtUSIKXv5jK', 12, '2025-01-15 18:53:00', '2025-01-15 13:08:00', '2025-01-15 13:08:00'),
	(135, 'cDGAKMPmf_DXqU6pBW-sDWkRpDa5UD9d', 12, '2025-01-15 19:31:42', '2025-01-15 13:46:42', '2025-01-15 13:46:42'),
	(136, 'SGRewV111lBlH0DgIWUNyiYCfoPl-Idp', 12, '2025-01-15 19:50:50', '2025-01-15 14:05:50', '2025-01-15 14:05:50'),
	(137, '-Mc7yznkqeO9u2RU1fsiOc5rtsXS4J67', 12, '2025-01-15 19:58:42', '2025-01-15 14:13:42', '2025-01-15 14:13:42'),
	(138, 'c4uvacU1YePIwN7uQVZCd-55FAKD85D_', 12, '2025-01-15 20:10:55', '2025-01-15 14:25:55', '2025-01-15 14:25:55'),
	(139, '849g07Jnh403P3q1w1e2jDFc7SQKXNa2', 12, '2025-01-15 20:14:49', '2025-01-15 14:29:49', '2025-01-15 14:29:49'),
	(140, 'LDtszvs8QxZwDjW9ZgAwz8V-M5_UQf0y', 12, '2025-01-15 20:29:38', '2025-01-15 14:44:38', '2025-01-15 14:44:38'),
	(141, 'bgvSKbCEYp0BV71bTOApUv-wRk1wW4sc', 12, '2025-01-15 20:32:57', '2025-01-15 14:47:57', '2025-01-15 14:47:57'),
	(142, 'jru7eyii7i9mCJbDkGIa2w0GpR8uZC6F', 12, '2025-01-15 20:34:04', '2025-01-15 14:49:04', '2025-01-15 14:49:04'),
	(143, 'SUoXBLQI3A6aYYirsrrKyG2Gb8CU8az-', 12, '2025-01-15 20:35:52', '2025-01-15 14:50:52', '2025-01-15 14:50:52'),
	(144, 'aWrOriUeUTIVVNcWbOUODxkIYlmmYN8t', 12, '2025-01-15 20:57:42', '2025-01-15 15:12:42', '2025-01-15 15:12:42'),
	(145, 'ZXxD1mTqGoLdH51TXJ_zWnceLBO5mDhQ', 12, '2025-01-15 21:00:05', '2025-01-15 15:15:05', '2025-01-15 15:15:05'),
	(146, 'zN2gAMLGiPacJZOrri1Q7INi7r6YiZ65', 12, '2025-01-15 21:03:38', '2025-01-15 15:18:38', '2025-01-15 15:18:38'),
	(147, 'LjHmZSQBHW3_sVfpWVO4zftrTwt1p_1N', 12, '2025-01-15 21:04:20', '2025-01-15 15:19:20', '2025-01-15 15:19:20'),
	(148, 'kZCZaJWaweC4rumUkIvcvGInabQDTZVu', 12, '2025-01-15 21:14:15', '2025-01-15 15:29:15', '2025-01-15 15:29:15'),
	(149, 'Ic4UBF6_NFgqwdG-q0l054kwaHaPSSfZ', 12, '2025-01-15 21:17:51', '2025-01-15 15:32:51', '2025-01-15 15:32:51'),
	(150, '6zYxuGh-9MhPB91b3nRaEcT472JF6EvY', 12, '2025-01-15 21:33:38', '2025-01-15 15:48:38', '2025-01-15 15:48:38'),
	(151, '997uGuv605eW_9c7g89v3p11eTj_8ULC', 12, '2025-01-16 10:36:51', '2025-01-16 04:51:51', '2025-01-16 04:51:51'),
	(152, 'gwVxy1s-kjgSxSQcZqmyOg32gTKCkf93', 12, '2025-01-16 10:39:00', '2025-01-16 04:54:00', '2025-01-16 04:54:00'),
	(153, '1MZyUCOnDOGCgdlHzkwfdfmCbna21HEk', 12, '2025-01-16 10:39:58', '2025-01-16 04:54:58', '2025-01-16 04:54:58'),
	(154, '16LnKHSGd71bH5aC1m21keIN4CspmxM6', 12, '2025-01-16 10:48:34', '2025-01-16 05:03:34', '2025-01-16 05:03:34'),
	(155, 'lUfPMiLMZKBXSVHayXUkLbCIVu2R9yLy', 12, '2025-01-16 11:09:11', '2025-01-16 05:24:11', '2025-01-16 05:24:11'),
	(156, 'XFXlg6WI1bZrrAfSb0IUzsyySEsFFTZE', 12, '2025-01-16 11:09:11', '2025-01-16 05:24:11', '2025-01-16 05:24:11'),
	(157, 'PpF2-8d1TT-w6ALZsESXv6CIuc4Zrmfv', 12, '2025-01-16 11:11:59', '2025-01-16 05:27:00', '2025-01-16 05:27:00'),
	(158, 'fmM__N8uUm6Rrm8N_Bs7i7vZ5QzhUvOu', 12, '2025-01-16 11:25:48', '2025-01-16 05:40:48', '2025-01-16 05:40:48'),
	(159, 'C9pyVxLy3KvARyjkKJwRLRoPpzpUE60a', 12, '2025-01-16 11:27:18', '2025-01-16 05:42:19', '2025-01-16 05:42:19'),
	(160, 'NbWWsC1mHQTn_b7be19alJufBopuxaYy', 12, '2025-01-16 11:38:52', '2025-01-16 05:53:52', '2025-01-16 05:53:52'),
	(161, 'wGEKNIF_Chr5AD8jbkPC-T-vlLCHoy1f', 12, '2025-01-16 11:46:22', '2025-01-16 06:01:22', '2025-01-16 06:01:22'),
	(162, 'cMDZHPycGnDnOANUowEp2eWcB4ZrsHru', 12, '2025-01-16 11:48:36', '2025-01-16 06:03:36', '2025-01-16 06:03:36'),
	(163, '3Mqek8EtalipyP-rUrE9Na94ttDtOHqL', 12, '2025-01-16 11:50:09', '2025-01-16 06:05:09', '2025-01-16 06:05:09'),
	(164, 'NGdWK4Qx1MFO6bCK_8ahRWPmgGVQ1Cga', 12, '2025-01-16 12:04:00', '2025-01-16 06:19:00', '2025-01-16 06:19:00'),
	(165, 'hdcr475y_msWh3SyHmrzy4jKSy9Gw7jv', 12, '2025-01-16 12:06:23', '2025-01-16 06:21:23', '2025-01-16 06:21:23'),
	(166, 'sTxKsO-T8r-eTCVfD077wIJ8tpmRA404', 12, '2025-01-16 12:46:38', '2025-01-16 07:01:39', '2025-01-16 07:01:39'),
	(167, 'DNc1ov8ZbaK0FjHYaFgOsYM3CteSOtZZ', 12, '2025-01-16 12:46:51', '2025-01-16 07:01:51', '2025-01-16 07:01:51'),
	(168, 'ASB48m-c0cyQ-AfSwEs9U5exNBysW9V3', 12, '2025-01-16 12:48:09', '2025-01-16 07:03:09', '2025-01-16 07:03:09'),
	(169, 'UTiu-fRcAbER9lIZSPcOc-phsGotEu73', 12, '2025-01-16 13:02:15', '2025-01-16 07:17:15', '2025-01-16 07:17:15'),
	(170, 'oeqNV0BPOYOzJlDUi_RkdTqxmR4UwWQT', 12, '2025-01-16 13:26:43', '2025-01-16 07:41:43', '2025-01-16 07:41:43'),
	(171, 'OtltS3j1P3eqklIdlsrPLhI_QD6bEb9j', 12, '2025-01-16 13:43:11', '2025-01-16 07:58:11', '2025-01-16 07:58:11'),
	(172, 'OUPMAnQqaf_13Po9kabxEXl03qzifHol', 12, '2025-01-16 13:56:23', '2025-01-16 08:11:23', '2025-01-16 08:11:23'),
	(173, 'vgtpEFNuACNUdHSr-Fau2_xUGXcawNwA', 12, '2025-01-16 13:56:33', '2025-01-16 08:11:33', '2025-01-16 08:11:33'),
	(174, 'Orao7KBm1q2lHIB-gNnbABS84x6ppt-V', 12, '2025-01-16 14:32:16', '2025-01-16 08:47:16', '2025-01-16 08:47:16'),
	(175, 'V71ZHejZJ_tQPoagiv9qUVT3ha5Ai3ca', 12, '2025-01-16 14:54:59', '2025-01-16 09:09:59', '2025-01-16 09:09:59'),
	(176, '_riJMIy_Und8iSQOSJGoEdC1m-1hRo-e', 12, '2025-01-16 15:13:39', '2025-01-16 09:28:39', '2025-01-16 09:28:39'),
	(177, 'ye53Y8a_v4h3nldUwVcg92dxV-TsxSni', 12, '2025-01-16 15:21:26', '2025-01-16 09:36:26', '2025-01-16 09:36:26'),
	(178, '1Syv4qS6wqZmHKvwB4bNU2Y2CIlA5Rw0', 12, '2025-01-16 15:21:27', '2025-01-16 09:36:27', '2025-01-16 09:36:27'),
	(179, 'lf7FOwCO5eFOhcBJUb2vqozzDJx_LhgV', 12, '2025-01-16 15:25:32', '2025-01-16 09:40:32', '2025-01-16 09:40:32'),
	(180, 'wkisJwm1uYPrdqfoPqftwTWtwyXSOthx', 12, '2025-01-16 16:10:34', '2025-01-16 10:25:34', '2025-01-16 10:25:34'),
	(181, '6N_cTEi3qW-zT1PYCskzh2uFgUf17fAz', 12, '2025-01-16 16:28:26', '2025-01-16 10:43:26', '2025-01-16 10:43:26'),
	(182, 'iBV4IX1FJ_LAK_gs80GGXFoa6W9qbHvA', 12, '2025-01-16 16:32:43', '2025-01-16 10:47:43', '2025-01-16 10:47:43'),
	(183, '7ZJk_uCYu-6y1AzE42nYThznrbMtBdwE', 12, '2025-01-16 16:34:20', '2025-01-16 10:49:20', '2025-01-16 10:49:20'),
	(184, 'jTD29nfPffCXJxfRuIyfPah3qX5llBDT', 12, '2025-01-16 16:58:40', '2025-01-16 11:13:40', '2025-01-16 11:13:40'),
	(185, 'a8ILIwznb4ysfnUOmLmNX9VtJ3tO-gEz', 12, '2025-01-16 17:05:40', '2025-01-16 11:20:40', '2025-01-16 11:20:40'),
	(186, 'Fds8Rbze_32kMA6ztHHaZkboIeG8wp_i', 12, '2025-01-16 17:26:56', '2025-01-16 11:41:56', '2025-01-16 11:41:56'),
	(187, 'ckG-37tGxqR-anfsZWR94zyOLLq0gx1X', 12, '2025-01-16 17:32:18', '2025-01-16 11:47:18', '2025-01-16 11:47:18'),
	(188, '2L3kxldu-T_pTMsF5oTrDtaDIDU7o7IP', 12, '2025-01-16 17:48:28', '2025-01-16 12:03:28', '2025-01-16 12:03:28'),
	(189, 'x-ZPJ-PTNbrN6nVxKyKTyLA_fXPW-8vk', 12, '2025-01-16 18:00:06', '2025-01-16 12:15:06', '2025-01-16 12:15:06'),
	(190, 'ozX9dSZVMg2-tnjk3bQFSHrSJVS21Mgm', 12, '2025-01-16 18:16:09', '2025-01-16 12:31:09', '2025-01-16 12:31:09'),
	(191, 'Q-10uvZzrXBJ4oSfU7MO0DtGcqb7m_y9', 12, '2025-01-16 18:17:46', '2025-01-16 12:32:46', '2025-01-16 12:32:46'),
	(192, 'Ows7d-qM8EWCfy07CFmMJF_yMWm5LhoF', 12, '2025-01-16 18:37:34', '2025-01-16 12:52:34', '2025-01-16 12:52:34'),
	(193, 'T7ew6g001GikR32mq_J6_aNU_-9RTYUh', 12, '2025-01-16 18:53:14', '2025-01-16 13:08:14', '2025-01-16 13:08:14'),
	(194, 'O-nuSBv5Q6CvERFW_PS2WYbQdLgbgGp2', 12, '2025-01-16 19:03:21', '2025-01-16 13:18:21', '2025-01-16 13:18:21'),
	(195, '-AG0mU1ZpGYOgcQ1V0v0L8OPQSxDtuiZ', 12, '2025-01-16 19:03:32', '2025-01-16 13:18:32', '2025-01-16 13:18:32'),
	(196, '6k7eU1HvIKQaPXSe5o0FDgd_5jTb52FK', 12, '2025-01-16 19:05:25', '2025-01-16 13:20:25', '2025-01-16 13:20:25'),
	(197, '2Vf4XTiaqRuTEorxJwyT5b_DVzDG5RpP', 12, '2025-01-16 19:08:40', '2025-01-16 13:23:40', '2025-01-16 13:23:40'),
	(198, 'Ix3WNflWi3gTA1S3OiRW2GR9pUS-7bj2', 12, '2025-01-16 19:08:58', '2025-01-16 13:23:58', '2025-01-16 13:23:58'),
	(199, 'jDnV0LjdUJU0ImYAjHHOBV79ITspMzEn', 12, '2025-01-16 19:19:39', '2025-01-16 13:34:40', '2025-01-16 13:34:40'),
	(200, 'yNgHeDYBw_XfESxaGcKIm3LDq-BcIGmK', 12, '2025-01-16 19:25:03', '2025-01-16 13:40:03', '2025-01-16 13:40:03'),
	(201, 'IrZQr9d75Mr6p1HAbXJLMYzOCXECR_gZ', 12, '2025-01-16 19:27:34', '2025-01-16 13:42:34', '2025-01-16 13:42:34'),
	(202, 'eRN3UDg0dDKCJdE76dycj-NUhIGHu5Iw', 12, '2025-01-16 19:34:16', '2025-01-16 13:49:16', '2025-01-16 13:49:16'),
	(203, 'XQu64Bf_d_FLnhSTbwNbuo0GT29koZSa', 12, '2025-01-16 19:35:01', '2025-01-16 13:50:02', '2025-01-16 13:50:02'),
	(204, 'vL531-9UIJTtS4jbbnnTUXi-NWbLs_Uq', 12, '2025-01-16 19:53:56', '2025-01-16 14:08:56', '2025-01-16 14:08:56'),
	(205, 'ziLf_cF4SPX0YuFkv07AHPJqLrkXI_JO', 12, '2025-01-16 19:54:17', '2025-01-16 14:09:17', '2025-01-16 14:09:17'),
	(206, 'E6SLTVPlArK_YD_yGPrQJ8R8gwLLJV9v', 12, '2025-01-16 20:04:48', '2025-01-16 14:19:49', '2025-01-16 14:19:49'),
	(207, '5ZC99PPQD_BUYjfHE3E3_58KbgvNNp13', 12, '2025-01-16 20:06:01', '2025-01-16 14:21:01', '2025-01-16 14:21:01'),
	(208, 'xp193sPoV5TZ7jA5paLLemuqtSzuNLU6', 12, '2025-01-16 20:17:21', '2025-01-16 14:32:21', '2025-01-16 14:32:21'),
	(209, 'YyuZ6z2scGBXS4kw0juwYBHuqhkokVJc', 12, '2025-01-16 20:17:37', '2025-01-16 14:32:37', '2025-01-16 14:32:37'),
	(210, 'c2ZGdb3Wo9J3oeRtSt-HEgoDK8kC70wR', 12, '2025-01-16 20:36:25', '2025-01-16 14:51:25', '2025-01-16 14:51:25'),
	(211, 'qYPnpCloQCjwBS4cncIfXJQw99FfHPZR', 12, '2025-01-16 20:39:16', '2025-01-16 14:54:16', '2025-01-16 14:54:16'),
	(212, 'm_3SjIw9aWCFRDjT5IBEgxP0mO4LupNw', 12, '2025-01-16 20:43:30', '2025-01-16 14:58:30', '2025-01-16 14:58:30'),
	(213, 'kbv9hShcIkzIrJF9tWu66Y8H78evaqtn', 12, '2025-01-16 20:48:15', '2025-01-16 15:03:15', '2025-01-16 15:03:15'),
	(214, 'Ydg3jkMgy_HlTuLdGldW55pzuQ1Jx_yP', 12, '2025-01-16 20:48:15', '2025-01-16 15:03:16', '2025-01-16 15:03:16'),
	(215, 'T16e_oeT2i3Q3xFGePQv0v1pAvGeFR5W', 12, '2025-01-16 21:04:35', '2025-01-16 15:19:35', '2025-01-16 15:19:35'),
	(216, 'RwQh5f_JVTa2u8KO56n_UJUty1dGtleU', 12, '2025-01-16 21:42:33', '2025-01-16 15:57:33', '2025-01-16 15:57:33'),
	(217, '6HUvN4zSu5MZ-8hXgeNxVFMMc7ATc_e1', 12, '2025-01-17 00:00:30', '2025-01-16 18:15:30', '2025-01-16 18:15:30'),
	(218, 'T6kNKgXhxZoxua0zSCMm9DW9FMq8KvP-', 12, '2025-01-17 00:30:59', '2025-01-16 18:45:59', '2025-01-16 18:45:59'),
	(219, 'zJE9M6hTkmQHlfvI5rppsEVPsIo-Y8g3', 12, '2025-01-17 10:12:39', '2025-01-17 04:27:39', '2025-01-17 04:27:39'),
	(220, 'V7fMCHsXkYyMKJic8YUrWufnnjkuv20g', 12, '2025-01-17 10:26:20', '2025-01-17 04:41:20', '2025-01-17 04:41:20'),
	(221, '4ASdA08wGcIZZWQ_Qo031Q2x3sfoAIS7', 12, '2025-01-17 10:27:16', '2025-01-17 04:42:16', '2025-01-17 04:42:16'),
	(222, 'LtTiOtd7AHJEafTjcTO4Cnm6vmL6jKBr', 12, '2025-01-17 10:28:49', '2025-01-17 04:43:49', '2025-01-17 04:43:49'),
	(223, 'BgnWmyH_XW_vKAbHzcu4XCgSuvpYyuU3', 12, '2025-01-17 10:32:14', '2025-01-17 04:47:14', '2025-01-17 04:47:14'),
	(224, 'T0J6HY1GWa6tEiLiK79s7iPreh3386uP', 12, '2025-01-17 10:32:26', '2025-01-17 04:47:26', '2025-01-17 04:47:26'),
	(225, '0MoSZGsvIL4cLWE6RL95LnwCxDFhIE0n', 12, '2025-01-17 10:37:17', '2025-01-17 04:52:17', '2025-01-17 04:52:17'),
	(226, '1JE6o3icnpl8zu6GkfMY4ZkUM7irudky', 12, '2025-01-17 10:38:32', '2025-01-17 04:53:32', '2025-01-17 04:53:32'),
	(227, 'BLBPTWfHhQpki84HnAZtMkS8036Jd2Vl', 12, '2025-01-17 10:39:54', '2025-01-17 04:54:54', '2025-01-17 04:54:54'),
	(228, 'g9SRNv1QA7DrClye5rNLCOzOI5_pgicb', 12, '2025-01-17 10:42:29', '2025-01-17 04:57:29', '2025-01-17 04:57:29'),
	(229, 'W9XHv_5zds48nOVUR47jVN70blrTlKW_', 12, '2025-01-17 10:43:17', '2025-01-17 04:58:17', '2025-01-17 04:58:17'),
	(230, 'yYL6s7GP7X99U1nxuXjXgJUse0OEhiXJ', 12, '2025-01-17 10:47:10', '2025-01-17 05:02:10', '2025-01-17 05:02:10'),
	(231, 'lg5xtsaL2SZ-z6rNSjSrUcJPL9hvXUKb', 12, '2025-01-17 10:47:46', '2025-01-17 05:02:46', '2025-01-17 05:02:46'),
	(232, 'l6e2OD5NHlquwTk6AAispZaTa0-qyjOW', 12, '2025-01-17 10:48:35', '2025-01-17 05:03:35', '2025-01-17 05:03:35'),
	(233, 'rPrWogDaKfrlCXsU9_EClGqV821Zn1_9', 12, '2025-01-17 11:10:30', '2025-01-17 05:25:31', '2025-01-17 05:25:31'),
	(234, 'mvaS5k7un9cNcQW6RTLQgkC-nW0cZ_BQ', 12, '2025-01-17 11:18:13', '2025-01-17 05:33:13', '2025-01-17 05:33:13'),
	(235, 'qd-2hptLYmTU-IvLsd7jqor5zC5w25kw', 12, '2025-01-17 11:22:03', '2025-01-17 05:37:03', '2025-01-17 05:37:03'),
	(236, 'ysDVZk5IqEklKB6aNzIbw1e2Ooj9hiHk', 12, '2025-01-17 11:27:16', '2025-01-17 05:42:16', '2025-01-17 05:42:16'),
	(237, 'KzGL9Jij_4DwHrPWTJ4VSIMYtlKA8NnP', 12, '2025-01-17 12:28:03', '2025-01-17 06:43:03', '2025-01-17 06:43:03'),
	(238, 'nmFpzJI9Gs3Pv-1mhaV76jTxetfPWwM-', 12, '2025-01-17 12:29:32', '2025-01-17 06:44:32', '2025-01-17 06:44:32'),
	(239, 'MmiFzb-eIkbCQr14xt2bVU-gSqbyc_4k', 12, '2025-01-17 12:31:36', '2025-01-17 06:46:36', '2025-01-17 06:46:36'),
	(240, 'fWdnAh1NhCC7nqSuasgqoOsY3idlDKlJ', 12, '2025-01-17 12:33:03', '2025-01-17 06:48:03', '2025-01-17 06:48:03'),
	(241, 'Pa78GbwKgKhqq6_HZ-sNs7O41jGL9D3J', 12, '2025-01-17 12:55:52', '2025-01-17 07:10:52', '2025-01-17 07:10:52'),
	(242, 'uVjVChggfiZPNTVj-BFHvXm-Tsxc5ftz', 12, '2025-01-17 13:10:32', '2025-01-17 07:25:32', '2025-01-17 07:25:32'),
	(243, '-g9V52bfJoujn05VNZogc5OzfPkt6W2H', 12, '2025-01-17 13:11:45', '2025-01-17 07:26:45', '2025-01-17 07:26:45'),
	(244, 'oTuP_8E9FyGuIIkX5s8Zkx9WloUPpak_', 12, '2025-01-17 13:20:37', '2025-01-17 07:35:37', '2025-01-17 07:35:37'),
	(245, 'VqRhpsTiIaywOb1GfRl6jZP1UBzitNWh', 12, '2025-01-17 14:34:25', '2025-01-17 08:49:26', '2025-01-17 08:49:26'),
	(246, 'QI9s8Bs8m7eL-SSsRk07NjjIUH6UKZ7K', 12, '2025-01-17 14:54:22', '2025-01-17 09:09:22', '2025-01-17 09:09:22'),
	(247, 'YdVko3mEePZByOWZcAP6l-rRs6TX-0iw', 12, '2025-01-17 15:07:42', '2025-01-17 09:22:42', '2025-01-17 09:22:42'),
	(248, '6wnVlte-Q5Js3mJsoU1BfV1FDVXhujet', 12, '2025-01-17 16:04:15', '2025-01-17 10:19:15', '2025-01-17 10:19:15'),
	(249, '_RtoBuMfq3P2ITQy6Hqcru7i3eXXpfn4', 12, '2025-01-17 16:22:38', '2025-01-17 10:37:38', '2025-01-17 10:37:38'),
	(250, 'xwNP74Pz1dHaR0Uo7A0eDp13fwdoz-s6', 12, '2025-01-17 16:39:35', '2025-01-17 10:54:35', '2025-01-17 10:54:35'),
	(251, 'O5QadQIxxL2TVGldkSdpngvXyYBfQKWE', 12, '2025-01-17 17:04:28', '2025-01-17 11:19:28', '2025-01-17 11:19:28'),
	(252, 'Jm_Ov9W4Da1Da4OAfIF7ZPXvUp9eGdeJ', 12, '2025-01-17 17:42:11', '2025-01-17 11:57:11', '2025-01-17 11:57:11'),
	(253, 'lhOEULKBO3I5E6tlY8NxoepD7aNwas7h', 12, '2025-01-17 17:43:20', '2025-01-17 11:58:21', '2025-01-17 11:58:21'),
	(254, 'lSlr0t6m627XfjjD5qmjjq5JuImjzfTt', 12, '2025-01-17 18:08:45', '2025-01-17 12:23:45', '2025-01-17 12:23:45'),
	(255, 'F4UpA1vOu0X7XfD9zqvTuNvcUYNDg4lB', 12, '2025-01-17 18:15:06', '2025-01-17 12:30:06', '2025-01-17 12:30:06'),
	(256, 'ogZQUl93IJbNCCJByRVY5F3eExzg1UJv', 12, '2025-01-17 18:33:40', '2025-01-17 12:48:40', '2025-01-17 12:48:40'),
	(257, 'r7EX8sYZTCkXERk-ziTv3KnKkGUOAKZ5', 12, '2025-01-17 18:53:50', '2025-01-17 13:08:50', '2025-01-17 13:08:50'),
	(258, 'ebfnNi64fiC6oRsb_OZcX1D0ggfmurEO', 12, '2025-01-17 18:59:38', '2025-01-17 13:14:38', '2025-01-17 13:14:38'),
	(259, 'zFcpayKFsChojI3ih3poTor6hzSjJsHy', 12, '2025-01-17 19:09:59', '2025-01-17 13:24:59', '2025-01-17 13:24:59'),
	(260, 'eGdmYxZLPhTzE2BCQhajeeJ2eHk1NiJU', 12, '2025-01-17 19:15:06', '2025-01-17 13:30:06', '2025-01-17 13:30:06'),
	(261, 'Fki8ZSsOI8B20bYCEs4Y6-FZ0vBd6j91', 12, '2025-01-17 19:21:22', '2025-01-17 13:36:22', '2025-01-17 13:36:22'),
	(262, 'IYuK8FnjzURMGkD-S1NkWUMoeMzvYqER', 12, '2025-01-17 19:24:46', '2025-01-17 13:39:46', '2025-01-17 13:39:46'),
	(263, 'SntBitvxcR_eryH4sV5M2vCIu5AR8XfE', 12, '2025-01-17 19:32:20', '2025-01-17 13:47:21', '2025-01-17 13:47:21'),
	(264, 'hsuNNslLiucXVNQ6e_BCraGkoWeMNeGc', 12, '2025-01-17 19:40:35', '2025-01-17 13:55:35', '2025-01-17 13:55:35'),
	(265, '2LPAGdVf77HlKLqWQXZ0nn_FxryqtXNM', 12, '2025-01-17 19:40:46', '2025-01-17 13:55:46', '2025-01-17 13:55:46'),
	(266, '2N7sxwl1WxDGawVsWkOkf-tTQtPM1wTv', 12, '2025-01-17 19:42:57', '2025-01-17 13:57:57', '2025-01-17 13:57:57'),
	(267, 'Jc-IhlkcHhSO9oUMNyI9IV-M8HQi9tP_', 12, '2025-01-17 19:44:50', '2025-01-17 13:59:51', '2025-01-17 13:59:51'),
	(268, '93zioEdgXUmm0XoRAkvdobdnDETp-y2e', 12, '2025-01-17 19:47:31', '2025-01-17 14:02:32', '2025-01-17 14:02:32'),
	(269, 'xzMczvix_iK4OdcI7iZymb6oFo3CHxh1', 12, '2025-01-17 19:58:00', '2025-01-17 14:13:00', '2025-01-17 14:13:00'),
	(270, '6rt2ySQmtdForRFUG3TAEhX7dYt04xpS', 12, '2025-01-17 20:31:54', '2025-01-17 14:46:54', '2025-01-17 14:46:54'),
	(271, 'bLeT_c_Wj121lDHvR7Vnyxqx1D0ZoLPD', 12, '2025-01-17 21:04:16', '2025-01-17 15:19:16', '2025-01-17 15:19:16'),
	(272, 'aNKCW-2voJJ4JphFhAicIcvWNVTYFU_5', 12, '2025-01-17 21:32:58', '2025-01-17 15:47:58', '2025-01-17 15:47:58'),
	(273, 'xU_LknzNkCYEWzROsUoQaJHojF7ZBL61', 12, '2025-01-18 10:37:25', '2025-01-18 04:52:25', '2025-01-18 04:52:25'),
	(274, 'SxMUR5TOJMoW2qmsf_TwGyfJiUyfAevV', 12, '2025-01-18 10:37:25', '2025-01-18 04:52:25', '2025-01-18 04:52:25'),
	(275, 'BPBm0ZT2ksBEJ0KIrZLgtwbHxgcyLQ5N', 12, '2025-01-18 10:37:25', '2025-01-18 04:52:26', '2025-01-18 04:52:26'),
	(276, '8sBOjm6RPksn-yVxIv2i80-PWgFXNjXD', 12, '2025-01-18 10:51:52', '2025-01-18 05:06:52', '2025-01-18 05:06:52'),
	(277, 'TRyXeCp6L3E-1qXfzqm5qLALJT_m5bRo', 12, '2025-01-18 10:55:18', '2025-01-18 05:10:18', '2025-01-18 05:10:18'),
	(278, 'oLWCmPyAYNYYCX1c5ow18d_8B2nV6x_3', 12, '2025-01-18 11:05:05', '2025-01-18 05:20:05', '2025-01-18 05:20:05'),
	(279, 'iAIAualVbocUP130MeNw0YKtNsQXgVcQ', 12, '2025-01-18 11:13:29', '2025-01-18 05:28:29', '2025-01-18 05:28:29'),
	(280, '5FRQjXJYbrgx8h_DHlghpj2u0xf17VTv', 12, '2025-01-18 11:16:52', '2025-01-18 05:31:52', '2025-01-18 05:31:52'),
	(281, 'LnhNobjozdRYvadC5CQAInbIMrzdo4Zf', 12, '2025-01-18 11:19:48', '2025-01-18 05:34:49', '2025-01-18 05:34:49'),
	(282, 'Obtf8KpnVxq1CRM-lVcLFcZFFyCJA570', 14, '2025-01-18 11:28:55', '2025-01-18 05:43:55', '2025-01-18 05:43:55'),
	(283, '4SfKINJpx-fKfUocQjdFlhL0A84MrDCH', 12, '2025-01-18 11:34:05', '2025-01-18 05:49:05', '2025-01-18 05:49:05'),
	(284, 'm7k26SN8b5iujQeTEll5SmMznVHJuZRr', 12, '2025-01-18 11:49:11', '2025-01-18 06:04:12', '2025-01-18 06:04:12'),
	(285, 'DHe5nzUWOsNc3kJnIKJDtdTtc21iED6r', 12, '2025-01-18 13:20:30', '2025-01-18 07:35:30', '2025-01-18 07:35:30'),
	(286, 'Bjcnbx4CqOpeRppJXEmkqClUTxSxWcT1', 12, '2025-01-18 13:20:34', '2025-01-18 07:35:34', '2025-01-18 07:35:34'),
	(287, 'TndzFtxqJTmrHD3LZymHgDuLSDpcT3In', 12, '2025-01-18 13:24:44', '2025-01-18 07:39:44', '2025-01-18 07:39:44'),
	(288, '_fIvuM2h0Gg3UGlDhTzz2U3FWmofOPj9', 12, '2025-01-18 13:39:06', '2025-01-18 07:54:06', '2025-01-18 07:54:06'),
	(289, 'Q2fppJz0GfLVdFKjDnCpguPfuuoEsls4', 12, '2025-01-18 13:44:42', '2025-01-18 07:59:42', '2025-01-18 07:59:42'),
	(290, 'c88j8w5bmHqG9pEiUVbyhxYwj7OyNj8Y', 12, '2025-01-18 14:08:14', '2025-01-18 08:23:14', '2025-01-18 08:23:14'),
	(291, 'vehQ-OjrzCAKVhfwVcbL0NgtHl3CdJZ-', 12, '2025-01-18 15:51:24', '2025-01-18 10:06:24', '2025-01-18 10:06:24'),
	(292, 'SZNZfPgPlKjvvExgi3VK-avVte91Kex2', 12, '2025-01-18 15:51:32', '2025-01-18 10:06:32', '2025-01-18 10:06:32'),
	(293, 'ifLt1DAY5X0lry4UQFMNA7ONCPLWkAIh', 12, '2025-01-18 15:53:32', '2025-01-18 10:08:32', '2025-01-18 10:08:32'),
	(294, 'EKA7w1RRKixeWQtn5yp8qnHRCJcNBMa2', 12, '2025-01-18 15:53:40', '2025-01-18 10:08:40', '2025-01-18 10:08:40'),
	(295, '2vT5_Gf3wGJgVoWqr-8fEB0lKABdoUzR', 12, '2025-01-18 16:12:43', '2025-01-18 10:27:44', '2025-01-18 10:27:44'),
	(296, 'MAGIvCmJY1PcV01oSjq-rSClgRAMMHDf', 12, '2025-01-18 16:12:45', '2025-01-18 10:27:45', '2025-01-18 10:27:45'),
	(297, 'SLqNMRTcSQUHzbj-uqnkYgwRdp2EnsGW', 12, '2025-01-18 16:30:03', '2025-01-18 10:45:03', '2025-01-18 10:45:03'),
	(298, 'scuG3Hk8pm4NPAMli3PZvjHqLmdy7xUb', 12, '2025-01-18 16:36:42', '2025-01-18 10:51:43', '2025-01-18 10:51:43'),
	(299, 'OW5BkFIx5S3GGcizGZd7auCKInYSRhFE', 12, '2025-01-18 16:52:58', '2025-01-18 11:07:58', '2025-01-18 11:07:58'),
	(300, 'PzC0chWuPxPUDhuBoAwYlmKGMPhjAegy', 12, '2025-01-18 17:20:28', '2025-01-18 11:35:28', '2025-01-18 11:35:28'),
	(301, 'fOMp2blEXxLM1O_vfud3aIbEmkdEC0bX', 12, '2025-01-18 17:50:08', '2025-01-18 12:05:08', '2025-01-18 12:05:08'),
	(302, 'KfD83khW37hK8ukcIHfTx0OAsf40bGm6', 12, '2025-01-18 17:59:48', '2025-01-18 12:14:48', '2025-01-18 12:14:48'),
	(303, 'u97mxtab4Ns4m3kfuT__wBL4ji1hONLq', 12, '2025-01-18 18:09:49', '2025-01-18 12:24:49', '2025-01-18 12:24:49'),
	(304, 'TCl41_QHB_dstm6HbMLAvgPGauzXlEad', 12, '2025-01-18 18:12:23', '2025-01-18 12:27:23', '2025-01-18 12:27:23'),
	(305, 't7Sz5wlAHavFP2-c-H-NyBYGjO_b6DdC', 12, '2025-01-18 18:15:57', '2025-01-18 12:30:57', '2025-01-18 12:30:57'),
	(306, 'I0sfn-uSfuUNcU-wZM98wUz1KtQdUjAS', 12, '2025-01-18 18:16:20', '2025-01-18 12:31:20', '2025-01-18 12:31:20'),
	(307, 'LE1fBgM1tMBtD2_A3h61LQCBNgPdfQwl', 12, '2025-01-18 18:21:01', '2025-01-18 12:36:01', '2025-01-18 12:36:01'),
	(308, 'qwp3VOTu0ika17RryiGgdUbojUK4D7Ux', 12, '2025-01-18 18:21:24', '2025-01-18 12:36:25', '2025-01-18 12:36:25'),
	(309, 'Dg1Epz3nP-_pHhTjEwy-Q1T2tThFX3Yl', 12, '2025-01-18 18:25:14', '2025-01-18 12:40:14', '2025-01-18 12:40:14'),
	(310, 'xMGCBhdBLN9MmDgQasWJxbxK4TV-EL3B', 12, '2025-01-18 18:29:27', '2025-01-18 12:44:27', '2025-01-18 12:44:27'),
	(311, 'wiKcBago8iNvGAiVUpRQNkjFwry5JPOX', 12, '2025-01-18 18:30:28', '2025-01-18 12:45:28', '2025-01-18 12:45:28'),
	(312, 'X6B5ijct-DFecNc_LCDhS-bZvwrmm_ai', 12, '2025-01-18 18:39:40', '2025-01-18 12:54:40', '2025-01-18 12:54:40'),
	(313, '4HrmQ7HHm6PIWKCWVe4lrdlGKZ4BVDRH', 12, '2025-01-18 18:49:42', '2025-01-18 13:04:42', '2025-01-18 13:04:42'),
	(314, 'Nly16PEZZdflepwh8fbjjuefIvkhrg6I', 12, '2025-01-18 19:06:31', '2025-01-18 13:21:31', '2025-01-18 13:21:31'),
	(315, 'ZzyZEwq4w1QHXoo14nWu4yK6n9WAFCNj', 12, '2025-01-18 19:06:44', '2025-01-18 13:21:44', '2025-01-18 13:21:44'),
	(316, 'f82V8i5nPR3NeXkODW7Ke1_-15SXctS1', 12, '2025-01-18 19:15:19', '2025-01-18 13:30:19', '2025-01-18 13:30:19'),
	(317, 'JO6GHesQy_WoNcdZp7EVJwuoJhS_V2WF', 12, '2025-01-18 19:19:08', '2025-01-18 13:34:08', '2025-01-18 13:34:08'),
	(318, 'G5NI9WOaIAVNhnOyHIf-TE8RX6FbMmF4', 12, '2025-01-18 19:22:17', '2025-01-18 13:37:17', '2025-01-18 13:37:17'),
	(319, 'tNmJ_0WPhZ9yzvMMxodbzU7PBP78YAp2', 12, '2025-01-18 19:31:11', '2025-01-18 13:46:11', '2025-01-18 13:46:11'),
	(320, '8DWeUNosMviu2XhgkbwxopIN7vkNowcj', 12, '2025-01-18 19:31:34', '2025-01-18 13:46:35', '2025-01-18 13:46:35'),
	(321, 'sk7tSVAo3bnBB_XkK9N09uICA8j7nyFo', 12, '2025-01-18 19:33:03', '2025-01-18 13:48:03', '2025-01-18 13:48:03'),
	(322, '55WXW0ZpP_uu42V46cg7_rAsVsrt2c9i', 12, '2025-01-18 19:34:41', '2025-01-18 13:49:41', '2025-01-18 13:49:41'),
	(323, 'k4t-89ny9otRJABfS_Pdzq9O2ukLTEwK', 12, '2025-01-18 19:35:53', '2025-01-18 13:50:54', '2025-01-18 13:50:54'),
	(324, 'nU7Pqm-xbXD8vcuBMncMh3qSSucS2Yqm', 12, '2025-01-18 19:46:29', '2025-01-18 14:01:30', '2025-01-18 14:01:30'),
	(325, 'TmvFji29aevw8jlRNbosOvx98EDjtOUz', 12, '2025-01-18 19:57:16', '2025-01-18 14:12:16', '2025-01-18 14:12:16'),
	(326, 'cZuUvL-YyB_lfZ3kofXc3WguKsDWtaAX', 12, '2025-01-18 20:05:14', '2025-01-18 14:20:14', '2025-01-18 14:20:14'),
	(327, 'os3eEXJvHmWIOFCS1vefNosduGAeBCnW', 12, '2025-01-18 20:07:36', '2025-01-18 14:22:36', '2025-01-18 14:22:36'),
	(328, 'b5r6XVQYvilFjkg3wufeZuQUBxEHyfgw', 12, '2025-01-18 20:11:17', '2025-01-18 14:26:17', '2025-01-18 14:26:17'),
	(329, 'eoXIwfDpllAgQBt6udZOSU5wzSTF0cB9', 12, '2025-01-18 20:23:34', '2025-01-18 14:38:34', '2025-01-18 14:38:34'),
	(330, 'pH035dhY0wXe1u5ZsHhn11cRe-f5GoTJ', 12, '2025-01-20 10:39:47', '2025-01-20 04:54:47', '2025-01-20 04:54:47'),
	(331, 'ElNYPYzEFmGVXHZpi8EnY1OQEA9UfE2N', 12, '2025-01-20 10:47:46', '2025-01-20 05:02:46', '2025-01-20 05:02:46'),
	(332, '5LSQGKCK7b-M2PrM87VPBaf6YHSHNnXl', 12, '2025-01-20 10:49:00', '2025-01-20 05:04:00', '2025-01-20 05:04:00'),
	(333, 'pRj4TLn1O-rQwnZb_FlA7WRxsTkcLSWG', 12, '2025-01-20 11:42:15', '2025-01-20 05:57:16', '2025-01-20 05:57:16'),
	(334, 'q5QqvTkZkii4IK5wxSsBFgiUBvJ_bu3M', 14, '2025-01-20 12:01:02', '2025-01-20 06:16:02', '2025-01-20 06:16:02'),
	(335, 'ouRvi6pnQxTAWvbXZeM2tJpccKEH7im4', 12, '2025-01-20 12:03:41', '2025-01-20 06:18:41', '2025-01-20 06:18:41'),
	(336, 'dQ_yEca-J1QugyzWgeXftQOKXhwO8TKo', 12, '2025-01-20 12:04:40', '2025-01-20 06:19:40', '2025-01-20 06:19:40'),
	(337, 'oOfOlyQdLzJeeYaSytCutjZuwoj0Swas', 12, '2025-01-20 12:08:04', '2025-01-20 06:23:05', '2025-01-20 06:23:05'),
	(338, '2-2YbgkgB1Gnrfh1UccTcl6fro46rhfS', 12, '2025-01-20 12:24:32', '2025-01-20 06:39:32', '2025-01-20 06:39:32'),
	(339, 'sYZZmY8xSLTqZPzqQ5mdscVB60b0Raxz', 12, '2025-01-20 12:25:31', '2025-01-20 06:40:31', '2025-01-20 06:40:31'),
	(340, 'SzZv5gmR7ZuYqtdR_W6Ko5Nwo82wAIwh', 12, '2025-01-20 12:25:53', '2025-01-20 06:40:53', '2025-01-20 06:40:53'),
	(341, 'SE5RYAhp50uZy09oH9NtX1bFkfoBgZG6', 12, '2025-01-20 12:35:43', '2025-01-20 06:50:44', '2025-01-20 06:50:44'),
	(342, '6AJnQpS1BdMNHTTURRiLOKEX8zcOF8Ca', 12, '2025-01-20 12:57:15', '2025-01-20 07:12:15', '2025-01-20 07:12:15'),
	(343, 'hXwZSz2KL-7EltoZ6jGTs-S2D_7lSnry', 12, '2025-01-20 13:38:59', '2025-01-20 07:53:59', '2025-01-20 07:53:59'),
	(344, 'rNt61YEdsQDc9qhumAopzyoP2tSXqbeJ', 12, '2025-01-20 13:48:48', '2025-01-20 08:03:48', '2025-01-20 08:03:48'),
	(345, 'qVcsf6Taj1rruWlCQeYX2vAJOx4prS4S', 12, '2025-01-20 14:04:03', '2025-01-20 08:19:03', '2025-01-20 08:19:03'),
	(346, 'AGLk5RbhI2Cc7V-3EZqm63QCv3zhcUTL', 12, '2025-01-20 14:06:39', '2025-01-20 08:21:39', '2025-01-20 08:21:39'),
	(347, '7-q1SvCl7LOryGvZoaJyQVCmI3dkT8e4', 12, '2025-01-20 14:20:57', '2025-01-20 08:35:57', '2025-01-20 08:35:57'),
	(348, 'nireVLIovqT35DvijBmuUvknzAuhBP6-', 12, '2025-01-20 14:24:57', '2025-01-20 08:39:57', '2025-01-20 08:39:57'),
	(349, 'diBcTKWejo0GSKYzSecwadabFeaOOwA5', 12, '2025-01-20 14:32:30', '2025-01-20 08:47:30', '2025-01-20 08:47:30'),
	(350, 'kX6IFBm0QJlkJvBbpdMjPXrHhQ1VpLGw', 12, '2025-01-20 14:36:55', '2025-01-20 08:51:55', '2025-01-20 08:51:55'),
	(351, '1QC05uZRS3Yht5jYxRosFh3NvKbhluT1', 12, '2025-01-20 14:43:31', '2025-01-20 08:58:31', '2025-01-20 08:58:31'),
	(352, 'nuH9P2N4x-nABmiTDM_rj61stpXwIKFK', 12, '2025-01-20 14:49:15', '2025-01-20 09:04:15', '2025-01-20 09:04:15'),
	(353, '9lPcu9KGm4bwz5F9dp_vajKSi-b3Cjj_', 12, '2025-01-20 14:57:33', '2025-01-20 09:12:33', '2025-01-20 09:12:33'),
	(354, 'Kby27aitxMp5-E4U2f0LsGQRwCyWIqlL', 12, '2025-01-20 15:10:09', '2025-01-20 09:25:09', '2025-01-20 09:25:09'),
	(355, 'QBhGHYY2ONxCjZLI-aPxbPoKgxPVi9Zk', 12, '2025-01-20 15:32:26', '2025-01-20 09:47:26', '2025-01-20 09:47:26'),
	(356, '-7WFFk8NhvSKgwW-HzHA_Hd92sAb0nml', 12, '2025-01-20 15:47:24', '2025-01-20 10:02:24', '2025-01-20 10:02:24'),
	(357, 'c0sb7uAsBG0AuceEUgAfF6QmDVOefec1', 12, '2025-01-20 16:17:52', '2025-01-20 10:32:52', '2025-01-20 10:32:52'),
	(358, '8W1A7rMv-EMlU6xFHadBn2EkQ9LwZCkn', 12, '2025-01-20 16:23:23', '2025-01-20 10:38:23', '2025-01-20 10:38:23'),
	(359, 'R9hFfzDIXG1U_s1qcAX0tOwEzFj-h3bv', 12, '2025-01-20 16:28:12', '2025-01-20 10:43:12', '2025-01-20 10:43:12'),
	(360, '7UerDFfF1yPe7ECVr4_GKUiV-5cQ-TyT', 12, '2025-01-20 16:34:30', '2025-01-20 10:49:30', '2025-01-20 10:49:30'),
	(361, 'x0luvlTDXjDHgYaxOamEEB4F6-ab8hzK', 12, '2025-01-20 16:47:32', '2025-01-20 11:02:32', '2025-01-20 11:02:32'),
	(362, '42qEo1y8HfJ1ajj6T29rxfjPdYpKy-iX', 12, '2025-01-20 16:50:02', '2025-01-20 11:05:02', '2025-01-20 11:05:02'),
	(363, 'QgcDY4q8RYrH0nf03CU4hXs2-ss6eRBL', 12, '2025-01-20 17:17:47', '2025-01-20 11:32:47', '2025-01-20 11:32:47'),
	(364, 'L2scvpn7GfQUJWmF-FKvfp2k_NKH9-28', 12, '2025-01-20 17:34:42', '2025-01-20 11:49:42', '2025-01-20 11:49:42'),
	(365, 'R9GDcL44QbOEXA9m6nWjTsxJHxVI-tsI', 12, '2025-01-20 17:36:27', '2025-01-20 11:51:27', '2025-01-20 11:51:27'),
	(366, 'bRdhFSI8-2PyLvJRA7Cox-6kKtlrI93J', 12, '2025-01-20 17:37:20', '2025-01-20 11:52:20', '2025-01-20 11:52:20'),
	(367, 'NZVuRLeYyFKIwGDDgqqttMmnj0Rt2crq', 12, '2025-01-20 17:41:46', '2025-01-20 11:56:46', '2025-01-20 11:56:46'),
	(368, 'A5wHK1z4jYGbfpkfO5FgGOFPEyu5sO7Y', 12, '2025-01-20 18:07:25', '2025-01-20 12:22:25', '2025-01-20 12:22:25'),
	(369, 'IYlnmlm600znuUGsiOfnf9CrqJRVC_no', 12, '2025-01-20 18:34:34', '2025-01-20 12:49:34', '2025-01-20 12:49:34'),
	(370, 'WobAbs6Y2ljzzElyo9JMMAHOUBLVItL8', 12, '2025-01-20 19:02:14', '2025-01-20 13:17:14', '2025-01-20 13:17:14'),
	(371, 'x9efvC7wU6PoxWMJklnADPt5gJ-_CTDJ', 12, '2025-01-20 19:06:30', '2025-01-20 13:21:30', '2025-01-20 13:21:30'),
	(372, 'zlXDRcSb3j38l4A9qPwYxd117GeQYDBR', 12, '2025-01-21 10:19:32', '2025-01-21 04:34:32', '2025-01-21 04:34:32'),
	(373, 'yxTcnCDSzKBld7A9UcyVQvSVP09vt9HW', 12, '2025-01-21 10:26:00', '2025-01-21 04:41:00', '2025-01-21 04:41:00'),
	(374, 'Xf7zp3m-5kMGTKAsUetASijYh8VVtgv0', 12, '2025-01-21 10:28:54', '2025-01-21 04:43:54', '2025-01-21 04:43:54'),
	(375, 'sSWTU8sbbQhEuhze_kjqhLlkVfozQV0t', 12, '2025-01-21 10:38:04', '2025-01-21 04:53:04', '2025-01-21 04:53:04'),
	(376, 'exzPDde_ZozU5KcNpZUyTHLDAkn0S22V', 12, '2025-01-21 10:40:47', '2025-01-21 04:55:47', '2025-01-21 04:55:47'),
	(377, 'lOtodb8nt8hFlNPHs_3hfFUQ9joaPDce', 12, '2025-01-21 11:46:48', '2025-01-21 06:01:49', '2025-01-21 06:01:49'),
	(378, '7G2K5NCvCZu47d7mtlGjSsd5ZYNvEHur', 12, '2025-01-21 11:46:57', '2025-01-21 06:01:57', '2025-01-21 06:01:57'),
	(379, 'fICAzmmSXRfDk0thUgeuw3r9-B9UszWq', 12, '2025-01-21 12:15:16', '2025-01-21 06:30:16', '2025-01-21 06:30:16'),
	(380, 'luGB20uHLyeMwtO-U4xr1WYFM9XQMrZP', 12, '2025-01-21 12:17:57', '2025-01-21 06:32:57', '2025-01-21 06:32:57'),
	(381, 'xDQYB8W-fTWQeOrBEN-yUfpve97AxWVs', 12, '2025-01-21 12:35:01', '2025-01-21 06:50:01', '2025-01-21 06:50:01'),
	(382, 'P1Ldb096PAbam6xcTqCmSF7037sldCUn', 12, '2025-01-21 13:07:05', '2025-01-21 07:22:05', '2025-01-21 07:22:05'),
	(383, 'ONRyYJhaxSXfqNqYUGhOofMSAt-eMJEL', 12, '2025-01-21 13:09:19', '2025-01-21 07:24:19', '2025-01-21 07:24:19'),
	(384, 'ui587y8n4urIen4VKFUaGvbZR6WjJeEy', 12, '2025-01-21 13:25:38', '2025-01-21 07:40:38', '2025-01-21 07:40:38'),
	(385, 'XO8IoK0xwXeG1ldTcXImK_ncoxJUDHlQ', 12, '2025-01-21 13:29:06', '2025-01-21 07:44:06', '2025-01-21 07:44:06'),
	(386, 'qMdzE9kjHSiJFrtDU20CUhvITZ-67zmr', 12, '2025-01-21 14:41:51', '2025-01-21 08:56:51', '2025-01-21 08:56:51'),
	(387, '3YCdz6viPs4rJHJrEsIx1qSDmAk1hB61', 12, '2025-01-21 14:44:30', '2025-01-21 08:59:30', '2025-01-21 08:59:30'),
	(388, 'QOG4yQFW9ufqa_aWVjq1d8lF8-prP_f7', 12, '2025-01-21 15:33:53', '2025-01-21 09:48:53', '2025-01-21 09:48:53'),
	(389, '6LgTnIzjqysZ8qn-zFuwTT-BpkgTT-9i', 12, '2025-01-21 16:12:09', '2025-01-21 10:27:09', '2025-01-21 10:27:09'),
	(390, '8QJLdakf9oMaNkHlnTmdeOmtnxEcL3gQ', 12, '2025-01-21 16:20:32', '2025-01-21 10:35:32', '2025-01-21 10:35:32'),
	(391, 'rzG7r7pXGFiyA2ZgT3OKQM50Gv6BnA-U', 12, '2025-01-21 16:27:55', '2025-01-21 10:42:55', '2025-01-21 10:42:55'),
	(392, 'h6PtJaKNeAQCQWSy4NuEvBX714CDIOxz', 12, '2025-01-21 16:32:26', '2025-01-21 10:47:26', '2025-01-21 10:47:26'),
	(393, 'slCb2ZAbLLFwXI6ijQXMmnboI4Adwm8w', 12, '2025-01-21 16:40:44', '2025-01-21 10:55:45', '2025-01-21 10:55:45'),
	(394, 'PNoWzY52YeFUvDoifOrKVfkj7D5Ymo2q', 12, '2025-01-21 16:59:36', '2025-01-21 11:14:36', '2025-01-21 11:14:36'),
	(395, 'NpOFXoycgRcbjfRUgYV9uA8V2Kc0JfHO', 12, '2025-01-21 17:32:12', '2025-01-21 11:47:13', '2025-01-21 11:47:13'),
	(396, 'yxaK9KGhuJoIi_Iddij10RvEljPyNiNZ', 12, '2025-01-21 17:35:24', '2025-01-21 11:50:24', '2025-01-21 11:50:24'),
	(397, 'QhEW9Q17UQERKi3LejUSWkcMOLuOvOcW', 12, '2025-01-21 17:39:53', '2025-01-21 11:54:53', '2025-01-21 11:54:53'),
	(398, '6fEP1Bl_RZI10HnBI_um46V6SszepoV-', 12, '2025-01-21 17:49:54', '2025-01-21 12:04:54', '2025-01-21 12:04:54'),
	(399, 'gMEdKvOV1TEQ9b69DJ-hPi3_bDAsBCgP', 12, '2025-01-21 18:02:20', '2025-01-21 12:17:20', '2025-01-21 12:17:20'),
	(400, 'QRuhVubFfbHfBAV4hdtw8WiLDkAlnZIr', 12, '2025-01-21 18:32:42', '2025-01-21 12:47:42', '2025-01-21 12:47:42'),
	(401, '6B-cVCQezIzqkMUZtwqZrrnFvoSECsda', 12, '2025-01-21 18:58:41', '2025-01-21 13:13:41', '2025-01-21 13:13:41'),
	(402, 'PwPyN7gv3l6vzZ7SiDG1sUxrmpM_fp7v', 12, '2025-01-22 09:04:56', '2025-01-22 03:19:57', '2025-01-22 03:19:57'),
	(403, 'LSikeGfrYeDHlGhdnTZ9ybsmja84mBsm', 12, '2025-01-22 10:44:53', '2025-01-22 04:59:53', '2025-01-22 04:59:53'),
	(404, 'hyiB6ljViGKxqYR2xVbOYfplsNuOAKDb', 12, '2025-01-22 10:52:45', '2025-01-22 05:07:45', '2025-01-22 05:07:45'),
	(405, '91GxpjgcYK0Lbbrg-l2A6wyULTbH1ZdN', 12, '2025-01-22 10:52:45', '2025-01-22 05:07:45', '2025-01-22 05:07:45'),
	(406, 'VxilI-FCKuK9LvEGuALnr8WJ8uoTMxEr', 12, '2025-01-22 11:00:06', '2025-01-22 05:15:06', '2025-01-22 05:15:06'),
	(407, 'Y_f5uNq4CGbpv0_7SOcDDnW78RNBaY7H', 12, '2025-01-22 11:11:10', '2025-01-22 05:26:10', '2025-01-22 05:26:10'),
	(408, 'uC8igaHaWMNDQtAVLWQHJoivtjCMKgcd', 12, '2025-01-22 11:11:51', '2025-01-22 05:26:51', '2025-01-22 05:26:51'),
	(409, 'xvTefE9rUzlyxeODvQN9S3Ms0waVuPam', 12, '2025-01-22 11:12:24', '2025-01-22 05:27:24', '2025-01-22 05:27:24'),
	(410, 'T6MBF5LeBETPG-nA57AM5c9jtQlkic21', 12, '2025-01-22 11:27:52', '2025-01-22 05:42:52', '2025-01-22 05:42:52'),
	(411, 'Usn3EwKeqNoLHOFYKPnkUUSaFv58vkMa', 12, '2025-01-22 11:50:48', '2025-01-22 06:05:48', '2025-01-22 06:05:48'),
	(412, 'BZvhBdZncqeWr9qmT0UGHXdq33uRA3tN', 12, '2025-01-22 12:51:55', '2025-01-22 07:06:55', '2025-01-22 07:06:55'),
	(413, 'vo88xuPB1zIOWHMNPDiIkOQYCjJnMXFI', 12, '2025-01-22 13:51:01', '2025-01-22 08:06:01', '2025-01-22 08:06:01'),
	(414, 'MRIRNGv-PDLuN56eCO_TwDfVok3xtZcC', 12, '2025-01-22 14:04:46', '2025-01-22 08:19:46', '2025-01-22 08:19:46'),
	(415, 'yFpifQLne9c--JFZrebHu_EWymFJxulh', 12, '2025-01-22 16:44:34', '2025-01-22 10:59:34', '2025-01-22 10:59:34'),
	(416, '6GAwJycpghy6wDt5y80Da2sH0iNb9jK8', 12, '2025-01-22 16:49:18', '2025-01-22 11:04:18', '2025-01-22 11:04:18'),
	(417, 'TAzw0QVQFgprt648MtWEWAubT2saE6Fj', 12, '2025-01-22 16:51:17', '2025-01-22 11:06:17', '2025-01-22 11:06:17'),
	(418, 'QxNavGutB78_AB05-_uBVrcLxolAS2CH', 12, '2025-01-22 17:04:34', '2025-01-22 11:19:34', '2025-01-22 11:19:34'),
	(419, 'L4JYPClyV1ckPW8Sz9K_qIu_EAKvr83K', 12, '2025-01-22 17:14:02', '2025-01-22 11:29:02', '2025-01-22 11:29:02'),
	(420, 'dBZdKaoIsy2mfGePylOdiabg7sfIGZjw', 12, '2025-01-22 18:56:03', '2025-01-22 13:11:03', '2025-01-22 13:11:03'),
	(421, 'JshogfO-f81o7lN_03TapbIXpT2A5MhN', 12, '2025-01-23 10:38:18', '2025-01-23 04:53:18', '2025-01-23 04:53:18'),
	(422, 'xRGwu9BcMbYunk-ygafxA5l11gjGVORz', 12, '2025-01-23 10:55:41', '2025-01-23 05:10:41', '2025-01-23 05:10:41'),
	(423, 'scvRDn1lgm3K2rVdvBfY5rDUr_nDGfqZ', 12, '2025-01-23 12:49:29', '2025-01-23 07:04:29', '2025-01-23 07:04:29'),
	(424, 'mUf2qRMWdwEoA4spVRKESnbeDro-ZRIn', 12, '2025-01-23 13:02:47', '2025-01-23 07:17:47', '2025-01-23 07:17:47'),
	(425, '50S6QeRy3dKKzUoeq_kwcuNFu-iiFI7p', 12, '2025-01-23 14:15:24', '2025-01-23 08:30:24', '2025-01-23 08:30:24'),
	(426, 'jX-bU_EcRTfUlL35NtzW5OGNJW-RSfhA', 12, '2025-01-23 14:40:52', '2025-01-23 08:55:52', '2025-01-23 08:55:52'),
	(427, 'O7F_QH6rL5ETuMjWyJil4SHWPX9IGRKE', 12, '2025-01-23 14:51:52', '2025-01-23 09:06:52', '2025-01-23 09:06:52'),
	(428, 'Vott596mSL1Pwl6rao4GGqcJxD8nrVgw', 12, '2025-01-23 15:26:33', '2025-01-23 09:41:33', '2025-01-23 09:41:33'),
	(429, 'ERxeKCsTryuTFnlPLmBdR7y6_PM-R7jM', 12, '2025-01-23 15:26:34', '2025-01-23 09:41:34', '2025-01-23 09:41:34'),
	(430, 'qc9Sp5jFWeme16uFpESywlMwHZy_NDWT', 12, '2025-01-23 16:08:05', '2025-01-23 10:23:05', '2025-01-23 10:23:05'),
	(431, 'zeUDvBGj1lR4IVQiDQqnwwqqJKbrG6E0', 12, '2025-01-23 16:09:31', '2025-01-23 10:24:31', '2025-01-23 10:24:31'),
	(432, 'rJlDi5HCbL27txu2fCZxFZ4FR6H6i3Fz', 12, '2025-01-23 17:14:58', '2025-01-23 11:29:58', '2025-01-23 11:29:58'),
	(433, 'GphjBhLzUN_bl-b74ABwVHv74BscqDW4', 12, '2025-01-23 18:04:42', '2025-01-23 12:19:42', '2025-01-23 12:19:42'),
	(434, 'arhXtYMG_rmKXr07G9tU--XPWpBusZh1', 12, '2025-01-23 19:06:05', '2025-01-23 13:21:05', '2025-01-23 13:21:05'),
	(435, 'fxAxjR0ekiq3SvtEN3-BO4yy7py0C51r', 12, '2025-01-23 19:08:08', '2025-01-23 13:23:08', '2025-01-23 13:23:08'),
	(436, 'ag7UpXiNSUvP2R5zzIOlhazgE_BvwnUp', 12, '2025-01-23 19:15:55', '2025-01-23 13:30:55', '2025-01-23 13:30:55'),
	(437, 'deC-zSS6ZzlMAcDb_q9ZFolAfqkm89yx', 12, '2025-01-24 10:38:23', '2025-01-24 04:53:23', '2025-01-24 04:53:23'),
	(438, '6qsPztmRcZu3eRXihQq7xQn7zezDCh7v', 12, '2025-01-24 10:46:00', '2025-01-24 05:01:01', '2025-01-24 05:01:01'),
	(439, 'VHXtsOoWTusjbIfmG2wYOQaNGu9QAbg-', 12, '2025-01-24 11:21:07', '2025-01-24 05:36:07', '2025-01-24 05:36:07'),
	(440, 'zfS_u1YpzVxEeWh7isiUgtFr-ouxdLYI', 12, '2025-01-24 11:27:39', '2025-01-24 05:42:39', '2025-01-24 05:42:39'),
	(441, 'xvlr-XfYxZPbCxAQ6APxw8dUL8M_ENA7', 12, '2025-01-24 11:54:25', '2025-01-24 06:09:26', '2025-01-24 06:09:26'),
	(442, 'cv6w_xE3-9-C3rfuBwV-Ig3cJ0QhANle', 12, '2025-01-24 12:17:51', '2025-01-24 06:32:51', '2025-01-24 06:32:51'),
	(443, 'K1g2rJ2NDzy_nrrppW22d4Qgogo3vOa2', 12, '2025-01-24 12:33:39', '2025-01-24 06:48:39', '2025-01-24 06:48:39'),
	(444, 'aI_xpoC3zaogLm8n67WcFQ3VN-huOswK', 12, '2025-01-24 12:40:55', '2025-01-24 06:55:55', '2025-01-24 06:55:55'),
	(445, 'Dq_Ye-vGmBcRfKbXTOCAT1GZ_o5CCHN-', 12, '2025-01-24 12:55:08', '2025-01-24 07:10:08', '2025-01-24 07:10:08'),
	(446, 'zG-WVNf0KtBhTu0UXcZg4lKVzh07xtKX', 12, '2025-01-24 12:57:38', '2025-01-24 07:12:38', '2025-01-24 07:12:38'),
	(447, '9duya1jIZNwT8O2HDhhtX-AnHOsV19yp', 12, '2025-01-24 13:01:11', '2025-01-24 07:16:11', '2025-01-24 07:16:11'),
	(448, '9vLcWFkdJ8JiAwkKCVNTsyhT1Iafj-bc', 12, '2025-01-24 13:18:38', '2025-01-24 07:33:39', '2025-01-24 07:33:39'),
	(449, 'weAQE5Sk3l8cMqBvJ96lDCZqiZpbOUqJ', 12, '2025-01-24 13:36:53', '2025-01-24 07:51:53', '2025-01-24 07:51:53'),
	(450, 'ZYWw2xYFOkPw1O3l3ieSl8-ITSyaPEPM', 12, '2025-01-24 13:40:59', '2025-01-24 07:55:59', '2025-01-24 07:55:59'),
	(451, 'ku2-5bpeYDT0cejoTea7nx2i2w6f9B2z', 12, '2025-01-24 13:56:14', '2025-01-24 08:11:14', '2025-01-24 08:11:14'),
	(452, '6x8zo4xlavh32nypeTqZ215R1O7NEZ5C', 12, '2025-01-24 14:51:29', '2025-01-24 09:06:29', '2025-01-24 09:06:29'),
	(453, '9U4vQPt3x5f-2LPnwsa65CTwGcdzH-RJ', 12, '2025-01-24 14:52:37', '2025-01-24 09:07:37', '2025-01-24 09:07:37'),
	(454, '8h-xhs3KtMkWQO_NC12uYgtu5IhDoXJF', 12, '2025-01-24 14:55:07', '2025-01-24 09:10:08', '2025-01-24 09:10:08'),
	(455, '5x6vqlsUTU1tpIshVEssLLUA9z37wh-z', 12, '2025-01-24 14:57:30', '2025-01-24 09:12:30', '2025-01-24 09:12:30'),
	(456, 'v8KxKV5W1qsumW9Rq22UrczOKeLcuOzi', 12, '2025-01-24 15:12:55', '2025-01-24 09:27:56', '2025-01-24 09:27:56'),
	(457, 'tvf-woIWRzDF4G5Ccmfmm5wWCB5yMxHy', 12, '2025-01-24 16:23:28', '2025-01-24 10:38:28', '2025-01-24 10:38:28'),
	(458, 'MeHnFITtzpMk7DCwZLFrtN7FNlefYbHI', 12, '2025-01-24 16:28:45', '2025-01-24 10:43:45', '2025-01-24 10:43:45'),
	(459, 'MFuUV1M5kVvzV4NefuxHgMEcF12Px7uU', 12, '2025-01-24 16:33:34', '2025-01-24 10:48:34', '2025-01-24 10:48:34'),
	(460, 'UzTfD5LkX2cZWvxK1ek8zhKBbUnK9mcN', 12, '2025-01-24 17:25:04', '2025-01-24 11:40:04', '2025-01-24 11:40:04'),
	(461, '6nnS_L5n9B7JNZKbaJlL71u10rq0pMdO', 12, '2025-01-24 18:50:15', '2025-01-24 13:05:15', '2025-01-24 13:05:15'),
	(462, '1VQnBAiLyBNU3Ip_boeJl_q1sx1fpKjQ', 12, '2025-01-24 18:50:47', '2025-01-24 13:05:47', '2025-01-24 13:05:47'),
	(463, 'VHkqAoCaeMooLXTdh6rXJpaPOkXx6-bw', 12, '2025-01-25 10:19:22', '2025-01-25 04:34:22', '2025-01-25 04:34:22'),
	(464, 'kHjFAduupH7rZ3G0X7UGgNZV3F3xws2f', 12, '2025-01-25 10:27:12', '2025-01-25 04:42:12', '2025-01-25 04:42:12'),
	(465, 'yTjWICnPAcaZysNq4aoaarqBOQuaQiBr', 12, '2025-01-25 10:45:21', '2025-01-25 05:00:21', '2025-01-25 05:00:21'),
	(466, '9AzSbmP6sEeCg3ZB52JpYUrx1aKN_gFo', 12, '2025-01-25 10:53:28', '2025-01-25 05:08:28', '2025-01-25 05:08:28'),
	(467, 'brac7ONVWbzo4Pp_fQEtHQAwZ1MBTmlB', 12, '2025-01-25 11:03:20', '2025-01-25 05:18:20', '2025-01-25 05:18:20'),
	(468, 'gWAeDioil1EmaVkZqy_bVhZkdNbBzOa8', 12, '2025-01-25 11:21:37', '2025-01-25 05:36:38', '2025-01-25 05:36:38'),
	(469, 'Hv8XQyCHbDcZOW5xxfSUgD5pkJlGq8dd', 12, '2025-01-25 11:33:56', '2025-01-25 05:48:56', '2025-01-25 05:48:56'),
	(470, 'wCgeqWZ6Gkdyigfqua266wpDTj-Dqw1p', 12, '2025-01-25 11:42:17', '2025-01-25 05:57:17', '2025-01-25 05:57:17'),
	(471, '0P2rHLRvDaBi5jtp6j6Fny_Y9sl9Mh9v', 12, '2025-01-25 11:48:04', '2025-01-25 06:03:04', '2025-01-25 06:03:04'),
	(472, 'CNSW4rLluirBJM4JiZDoz-bfHJKM0SsI', 12, '2025-01-25 11:58:37', '2025-01-25 06:13:37', '2025-01-25 06:13:37'),
	(473, 'a6Erx-5RZgNe_GQBnMxKs0HxVLtPxb8V', 12, '2025-01-25 12:02:08', '2025-01-25 06:17:08', '2025-01-25 06:17:08'),
	(474, 'goXbivnkoqelvBdsdb0olmoW5OYstSqK', 12, '2025-01-25 12:14:37', '2025-01-25 06:29:37', '2025-01-25 06:29:37'),
	(475, '0xo6BpyyS_bRb6uZw-ggZp9PmhmcZtIh', 12, '2025-01-25 12:15:34', '2025-01-25 06:30:34', '2025-01-25 06:30:34'),
	(476, 'll9M5m-xWtvQgGOq6A3LMnj-IjiVdreZ', 12, '2025-01-25 12:17:58', '2025-01-25 06:32:58', '2025-01-25 06:32:58'),
	(477, 'ClokFg2SJpBoq2IZoH5qpV0czkfrKhXR', 12, '2025-01-25 12:19:25', '2025-01-25 06:34:25', '2025-01-25 06:34:25'),
	(478, 'J1almNNynnyBPyCOc9WXQ3LyXPGVVyWZ', 12, '2025-01-25 12:19:57', '2025-01-25 06:34:57', '2025-01-25 06:34:57'),
	(479, 'NTdyzbVgOY4bKeqytrzaWDNT-QXVKUJs', 12, '2025-01-25 13:05:47', '2025-01-25 07:20:47', '2025-01-25 07:20:47'),
	(480, 'NxFkNCZ5UsJB4yFQwTZJmlxvYoNS9MZF', 12, '2025-01-25 13:49:05', '2025-01-25 08:04:05', '2025-01-25 08:04:05'),
	(481, 'ga8c7ZorLUUIqG-i7l4DyPH-ljAEaSXE', 12, '2025-01-25 13:51:34', '2025-01-25 08:06:34', '2025-01-25 08:06:34'),
	(482, 'xq7sDDnIdvakjT0wTHixXVWFJ-m4S1hs', 12, '2025-01-25 14:05:21', '2025-01-25 08:20:21', '2025-01-25 08:20:21'),
	(483, 'PDPJ4u77oeEtYIqBBGVZVm1r2hcb4Ic9', 12, '2025-01-25 14:17:12', '2025-01-25 08:32:12', '2025-01-25 08:32:12'),
	(484, 'UyLrSR34hPFQcDuUnLpMDX5EjO5fGT-q', 12, '2025-01-25 14:22:57', '2025-01-25 08:37:57', '2025-01-25 08:37:57'),
	(485, 'vFHy1dLiPUVPpqtg_azx7MUBHSZfi9GG', 12, '2025-01-25 15:08:47', '2025-01-25 09:23:47', '2025-01-25 09:23:47'),
	(486, 'nohbR3fx9TE7oE3CFx8mLd-Vwk7thSKH', 12, '2025-01-25 15:48:33', '2025-01-25 10:03:33', '2025-01-25 10:03:33'),
	(487, '9Em9BwabpFaq4F4HGr_y_DSUCbLxUjMa', 12, '2025-01-25 16:04:08', '2025-01-25 10:19:08', '2025-01-25 10:19:08'),
	(488, 'ptbdR0YpCPAqQLEH2YneljbNkRn9VV25', 12, '2025-01-25 16:44:12', '2025-01-25 10:59:12', '2025-01-25 10:59:12'),
	(489, 'QRvllCIKmJVowp146rv2RU4U-l0f7oR-', 12, '2025-01-25 16:48:45', '2025-01-25 11:03:45', '2025-01-25 11:03:45'),
	(490, 'bjVqw5Afhk7sV0KGvks5XJ4B-bQ4lxhR', 12, '2025-01-25 17:08:11', '2025-01-25 11:23:11', '2025-01-25 11:23:11'),
	(491, '8VuKwKG8rKRf6QLr-rrces9GiYO_0eji', 12, '2025-01-25 18:32:49', '2025-01-25 12:47:49', '2025-01-25 12:47:49'),
	(492, 'FbCbBT1sGIPa98TJIqfH6fM_nlAHeoli', 12, '2025-01-27 10:05:39', '2025-01-27 04:20:39', '2025-01-27 04:20:39'),
	(493, 'Hceqvhu0fyKZwzUlP6fzUwkvDXGo8Ese', 12, '2025-01-27 10:11:36', '2025-01-27 04:26:36', '2025-01-27 04:26:36'),
	(494, 'lceiu7Uki7dTU67gY3sGnzDIsOG6BRA9', 12, '2025-01-27 10:39:48', '2025-01-27 04:54:48', '2025-01-27 04:54:48'),
	(495, 'cF5hUMxqItZ7WoFDfRSrt4jq4Wt_IFSr', 12, '2025-01-27 10:46:07', '2025-01-27 05:01:07', '2025-01-27 05:01:07'),
	(496, 'kq37g3Gd3Xm4h6e1p8Zq_mTZs2gFEoPj', 12, '2025-01-27 11:27:02', '2025-01-27 05:42:02', '2025-01-27 05:42:02'),
	(497, 'YIqCb6l7Eo9M0QCKNkBxwEHxzb_I9WeE', 12, '2025-01-27 11:30:54', '2025-01-27 05:45:55', '2025-01-27 05:45:55'),
	(498, 'CgXchBr9W0hyjndp66ygdLqO5wZO4U8D', 12, '2025-01-27 11:36:33', '2025-01-27 05:51:33', '2025-01-27 05:51:33'),
	(499, 'h_kBJznEaBuWuyxjLc2RKKNCUvDw5mpN', 12, '2025-01-27 11:46:17', '2025-01-27 06:01:17', '2025-01-27 06:01:17'),
	(500, 'yXdCUAbbvy67l_-_3mPGe9MhveCb7JX7', 12, '2025-01-27 11:55:10', '2025-01-27 06:10:10', '2025-01-27 06:10:10'),
	(501, 'fzH6CaShPdgjEcIMVqRNVMOo6roiexp4', 12, '2025-01-27 12:38:47', '2025-01-27 06:53:47', '2025-01-27 06:53:47'),
	(502, 'diLY7fn8zgfrGJlQRr4qVUyl7YwTz6DY', 12, '2025-01-27 13:11:03', '2025-01-27 07:26:03', '2025-01-27 07:26:03'),
	(503, 'LysLBCC1Fns1HamLj-oRZDE0taWOyy6m', 12, '2025-01-27 13:45:35', '2025-01-27 08:00:35', '2025-01-27 08:00:35'),
	(504, '5_OMc1dZ-BfY7d42e4aq4myOnl44aFPq', 12, '2025-01-27 14:16:39', '2025-01-27 08:31:39', '2025-01-27 08:31:39'),
	(505, '8KibRk1Ntif3FGqNPjxTGfzmfnieM0fw', 12, '2025-01-27 14:18:16', '2025-01-27 08:33:16', '2025-01-27 08:33:16'),
	(506, 'VBCxdVsuGB7ItfOlWVC4jOrL7Vg31_XA', 12, '2025-01-27 14:53:47', '2025-01-27 09:08:47', '2025-01-27 09:08:47'),
	(507, 'nIdU4zT9FMbxbSoZuyAKVoqkoZ_3-Tql', 12, '2025-01-27 15:04:55', '2025-01-27 09:19:55', '2025-01-27 09:19:55'),
	(508, 'L0pDH4TtwQLvMhS3yAqLThbzeB0dkez_', 12, '2025-01-27 15:27:53', '2025-01-27 09:42:53', '2025-01-27 09:42:53'),
	(509, 'cLfFN7X_vM5bcv0tkVcDzQFBKxNrmofs', 12, '2025-01-27 15:36:18', '2025-01-27 09:51:18', '2025-01-27 09:51:18'),
	(510, 'f_2yNDjDklehz_AD_hMwP1coFSXbh750', 12, '2025-01-27 16:06:54', '2025-01-27 10:21:54', '2025-01-27 10:21:54'),
	(511, 'PDt-LFkcReoVzBDLJ8OKt1geFiJTyxkk', 12, '2025-01-27 16:26:17', '2025-01-27 10:41:17', '2025-01-27 10:41:17'),
	(512, 'aIN5T6UNNJr8jIibRyxPQBmYFezNOL_J', 12, '2025-01-27 16:34:09', '2025-01-27 10:49:09', '2025-01-27 10:49:09'),
	(513, 'M4_uFx602dlnt0HTyGfbkIlTrMd4F7o4', 12, '2025-01-27 16:38:28', '2025-01-27 10:53:28', '2025-01-27 10:53:28'),
	(514, 'V5y48SxOmMXByDQjmyT99EIWEnMV4VUm', 12, '2025-01-27 16:42:13', '2025-01-27 10:57:13', '2025-01-27 10:57:13'),
	(515, 'yqsMYMErtU7cmGct6gYW4cMg8o7Wwqa8', 12, '2025-01-27 16:57:31', '2025-01-27 11:12:31', '2025-01-27 11:12:31'),
	(516, 'doZs39ng4QxEeu259ZbjLBd0HO1b7gw3', 12, '2025-01-27 17:07:23', '2025-01-27 11:22:23', '2025-01-27 11:22:23'),
	(517, 'VYwO8J-7zwSMjlCdIEcypSX1Y41lmt1F', 12, '2025-01-27 17:36:01', '2025-01-27 11:51:01', '2025-01-27 11:51:01'),
	(518, 'zSpOgTEBqBDtwCDFhHEZVHLcnhHCavLp', 12, '2025-01-27 18:38:33', '2025-01-27 12:53:33', '2025-01-27 12:53:33'),
	(519, 'pYbkn2O71gSMfdJriYsbLdqZwIrt9KXx', 12, '2025-01-27 19:01:03', '2025-01-27 13:16:03', '2025-01-27 13:16:03'),
	(520, 'HgBR2HSf2KhWU9fk9Fl_k4SbcbnsEaYH', 12, '2025-01-27 19:01:50', '2025-01-27 13:16:50', '2025-01-27 13:16:50'),
	(521, 'nv31riNOqzzOn8X76XmBDFRCPQIlT_iE', 12, '2025-01-27 19:03:13', '2025-01-27 13:18:13', '2025-01-27 13:18:13'),
	(522, 'rFI_-jYxNAVohQcLBHi3SJuLDz0yQGhV', 12, '2025-01-27 19:16:59', '2025-01-27 13:31:59', '2025-01-27 13:31:59'),
	(523, 'z8JCrVXjneRL57YXmJV4ze_m6ea0R1Mo', 12, '2025-01-27 19:20:09', '2025-01-27 13:35:09', '2025-01-27 13:35:09'),
	(524, 'Z03hWy5ONIsmW0PRpJZGTZD9dEBLaUpr', 12, '2025-01-27 19:25:59', '2025-01-27 13:40:59', '2025-01-27 13:40:59'),
	(525, '834hrk7n9pDZw9n9PWzGco-vKWZf5vV-', 12, '2025-01-27 19:31:03', '2025-01-27 13:46:03', '2025-01-27 13:46:03'),
	(526, 'xyuCiRHvV910kPaVZc0eAk2LmBFk5g3E', 12, '2025-01-28 05:58:52', '2025-01-28 00:13:52', '2025-01-28 00:13:52'),
	(527, '1QWiRtRgyQGcLhYR9Mv-fYD-y0-YbAEU', 12, '2025-01-28 06:39:52', '2025-01-28 00:54:52', '2025-01-28 00:54:52'),
	(528, 'N59Jn_viWtYy48dlmwmOl6W8agoWtpqn', 12, '2025-01-28 07:06:18', '2025-01-28 01:21:18', '2025-01-28 01:21:18'),
	(529, 'Ab-l4WHa3eI5nBHrMbYhLypKfU4qcJvA', 12, '2025-01-28 10:22:19', '2025-01-28 04:37:19', '2025-01-28 04:37:19'),
	(530, 'sixGhZZXoey6ArA4ZZ4wM10gYE_22aoa', 12, '2025-01-28 10:33:20', '2025-01-28 04:48:20', '2025-01-28 04:48:20'),
	(531, 'jDfWaAljN_pqEGfkMM4KYULP00UpQQG8', 12, '2025-01-28 10:36:27', '2025-01-28 04:51:27', '2025-01-28 04:51:27'),
	(532, 'NXZvbUZbeVvEjeCskspqM8sZsPPo5L_c', 12, '2025-01-28 10:51:25', '2025-01-28 05:06:25', '2025-01-28 05:06:25'),
	(533, 'ic__Y2q-lNJQrFPhVlml5lmmW3Xpu6hW', 12, '2025-01-28 11:06:23', '2025-01-28 05:21:23', '2025-01-28 05:21:23'),
	(534, 'o42IexyTaVS-Rs1FveykhqyCaYpaW4J8', 12, '2025-01-28 11:20:19', '2025-01-28 05:35:19', '2025-01-28 05:35:19'),
	(535, 'pS1R1GHjOToUMJcQvKwh_jPatlbUd3Ms', 12, '2025-01-28 11:43:21', '2025-01-28 05:58:21', '2025-01-28 05:58:21'),
	(536, 'kTQJ-iXqt1t0w-B1R-k6GdB0tTi51iN9', 12, '2025-01-28 11:52:34', '2025-01-28 06:07:34', '2025-01-28 06:07:34'),
	(537, 'O4uFk855nH14xM6hyu7J0rPd1E8-jqF_', 12, '2025-01-28 12:02:03', '2025-01-28 06:17:03', '2025-01-28 06:17:03'),
	(538, 'rTXP2qd9Bj7maDzdyZQ7cbKrLjUjOKUl', 12, '2025-01-28 12:12:13', '2025-01-28 06:27:13', '2025-01-28 06:27:13'),
	(539, 'LvsUNbWVtHQWOeFX0g1tTh5FdvYZ4Z6o', 12, '2025-01-28 12:25:55', '2025-01-28 06:40:56', '2025-01-28 06:40:56'),
	(540, 'KLCJv4bVmLsuC0BIQQxXaq9i0ZTtfnK1', 12, '2025-01-28 12:33:00', '2025-01-28 06:48:00', '2025-01-28 06:48:00'),
	(541, 'TCga5kHDmIv4thO1C-cQcNrvxRFdaJe8', 12, '2025-01-28 12:43:04', '2025-01-28 06:58:04', '2025-01-28 06:58:04'),
	(542, 'UkyU-4DQqmu2wCYaE9z7UAv5UtDc78wT', 12, '2025-01-28 12:44:17', '2025-01-28 06:59:17', '2025-01-28 06:59:17'),
	(543, 'nzaaX3iWY81rdyX-ttd2LHtuUIzPC_HJ', 12, '2025-01-28 13:04:59', '2025-01-28 07:19:59', '2025-01-28 07:19:59'),
	(544, '_6sVWqqtI1Y595iAlrR9fZByCnMofRon', 12, '2025-01-28 13:15:40', '2025-01-28 07:30:41', '2025-01-28 07:30:41'),
	(545, 'FF6e4xyik4RHkxnc8TW3mr-9q-M8bGsS', 12, '2025-01-28 13:48:26', '2025-01-28 08:03:26', '2025-01-28 08:03:26'),
	(546, 'xUyv3h0apc0JHr2FY-qnX89IdpqwxFsl', 12, '2025-01-28 13:58:50', '2025-01-28 08:13:50', '2025-01-28 08:13:50'),
	(547, '5AOi5ol0znshRGTKUwWeRY57SSvf64mk', 12, '2025-01-28 14:06:33', '2025-01-28 08:21:33', '2025-01-28 08:21:33'),
	(548, 'oHrt4WiX0CFQu1pi-xc1Djar3DPmv4q3', 12, '2025-01-28 14:13:26', '2025-01-28 08:28:26', '2025-01-28 08:28:26'),
	(549, 'zr9a-lcCJ3KMnEUdnoXJDJGaQuDY0YnB', 12, '2025-01-28 14:15:35', '2025-01-28 08:30:35', '2025-01-28 08:30:35'),
	(550, 'xpGB1UxsWXeAB-3y7dYdnCaL1G8CnBVn', 12, '2025-01-28 15:17:01', '2025-01-28 09:32:01', '2025-01-28 09:32:01'),
	(551, 'pzYBdoh05_NcUPQ4ew5rJDYGFMOEzhlv', 12, '2025-01-28 15:40:08', '2025-01-28 09:55:08', '2025-01-28 09:55:08'),
	(552, 'MaaD_2vIkyoeXJd8ciEQb1DMzPpC6xx3', 12, '2025-01-28 15:47:02', '2025-01-28 10:02:02', '2025-01-28 10:02:02'),
	(553, '6Q4Ea9_Xg2lqpbNNpiyZ4QR3VP1lpy1E', 12, '2025-01-28 15:57:07', '2025-01-28 10:12:07', '2025-01-28 10:12:07'),
	(554, '8J3ORub_OutkB56moXcDod4c7iYlbQLc', 12, '2025-01-28 15:58:06', '2025-01-28 10:13:06', '2025-01-28 10:13:06'),
	(555, 'C2PEgsUoDyQUR_CReKRDAvB5gayY7jSp', 12, '2025-01-28 16:27:03', '2025-01-28 10:42:03', '2025-01-28 10:42:03'),
	(556, 'TefljHisL51BetJkARYA-l-s6UvuG74Y', 12, '2025-01-28 16:38:59', '2025-01-28 10:53:59', '2025-01-28 10:53:59'),
	(557, 'ZZ5N8_Z8nB9hi5DItyabdII2weO15rsI', 12, '2025-01-28 16:44:25', '2025-01-28 10:59:25', '2025-01-28 10:59:25'),
	(558, 'JQaNYFEwCeTtSb-kl-pvAQ7lOZANGxpS', 12, '2025-01-28 17:01:59', '2025-01-28 11:16:59', '2025-01-28 11:16:59'),
	(559, 'W2k5wGOX8XndyN52w775pbFe0gMB2rq8', 12, '2025-01-28 17:02:11', '2025-01-28 11:17:11', '2025-01-28 11:17:11'),
	(560, 'wFBiX1pAAMiHRy8YRnlky3bOcQXYc3fs', 12, '2025-01-28 17:04:36', '2025-01-28 11:19:36', '2025-01-28 11:19:36'),
	(561, 'zd6C8qP1ideLeADiCJtGn7__DRaIItoT', 12, '2025-01-28 17:04:42', '2025-01-28 11:19:42', '2025-01-28 11:19:42'),
	(562, 'rlszoS3YEpP_cLSdA-SUUwYte6Rw6rHo', 12, '2025-01-28 17:11:15', '2025-01-28 11:26:15', '2025-01-28 11:26:15'),
	(563, '_gKoUp9MQlwAMWbHpvRrSxG8Ug8sz_7V', 12, '2025-01-28 17:12:51', '2025-01-28 11:27:51', '2025-01-28 11:27:51'),
	(564, 'QZwgrwiYvy3wQj5NdWmadzxR7loLlI9q', 12, '2025-01-28 17:19:02', '2025-01-28 11:34:02', '2025-01-28 11:34:02'),
	(565, 'SpcV5dhByogIDiJnEqHPv708WdBKNo3W', 12, '2025-01-28 17:25:35', '2025-01-28 11:40:35', '2025-01-28 11:40:35'),
	(566, 'ggmtTkZvPEJAhoHAG0zDdhf1e9HOvsYs', 12, '2025-01-28 17:31:42', '2025-01-28 11:46:42', '2025-01-28 11:46:42'),
	(567, 'Yc_T7DSQEglN_Os57Pta2VHZ0gHpneOp', 12, '2025-01-28 17:59:04', '2025-01-28 12:14:04', '2025-01-28 12:14:04'),
	(568, 'HQTf_x71G1YIsMTLWx2i4gZtqyi59XAl', 12, '2025-01-28 18:03:59', '2025-01-28 12:18:59', '2025-01-28 12:18:59'),
	(569, 'Ch0SyqzXJheKx7zeZX628MML8QkiWA-j', 12, '2025-01-28 18:07:40', '2025-01-28 12:22:40', '2025-01-28 12:22:40'),
	(570, '0HuB4Z3faouNZcpj-ZNu4dbVl8y2d-4p', 12, '2025-01-28 18:09:03', '2025-01-28 12:24:03', '2025-01-28 12:24:03'),
	(571, 'LUaa6W-vJ1vJm0muwqMNfgpV_blBwOP-', 12, '2025-01-28 18:13:04', '2025-01-28 12:28:04', '2025-01-28 12:28:04'),
	(572, 'XnLOcKUn60nuuURe_AaGln5MypuDImqO', 12, '2025-01-28 18:17:57', '2025-01-28 12:32:57', '2025-01-28 12:32:57'),
	(573, '9GYSvOLpbwCGOhv4DhLj0439bLzx6_a6', 12, '2025-01-28 18:41:11', '2025-01-28 12:56:11', '2025-01-28 12:56:11'),
	(574, 'QYJRoR8M-ROc9HD4N4YUVdQMyjAF15fl', 12, '2025-01-28 18:47:53', '2025-01-28 13:02:53', '2025-01-28 13:02:53'),
	(575, '-ZjPd-lcNPMI98CcQSP-EAvhKVrFqxlz', 12, '2025-01-28 19:00:29', '2025-01-28 13:15:29', '2025-01-28 13:15:29'),
	(576, 'O7AZeK6MjtE7GBSWxmEDod51nj7ULNkl', 12, '2025-01-28 19:15:28', '2025-01-28 13:30:28', '2025-01-28 13:30:28'),
	(577, '05086_Kf92n7TZqN7C1C8CHGg5YZE0VP', 12, '2025-01-28 19:16:58', '2025-01-28 13:31:58', '2025-01-28 13:31:58'),
	(578, 'PDiZ_fcA6sxLmRL1N-WBkQFii44SrIwb', 12, '2025-01-28 20:38:23', '2025-01-28 14:53:23', '2025-01-28 14:53:23'),
	(579, 'sGJgFESIE7QDMIcYDKd9oOi3jImItHDF', 12, '2025-01-29 10:31:09', '2025-01-29 04:46:09', '2025-01-29 04:46:09'),
	(580, '11l9yb4qPjVtnvOl6sE7ATQiQ9EkH4HP', 12, '2025-01-29 10:33:21', '2025-01-29 04:48:22', '2025-01-29 04:48:22'),
	(581, 'czqLhI5d1aEvvdLPSObzPgRkWEedsyVr', 12, '2025-01-29 10:54:22', '2025-01-29 05:09:22', '2025-01-29 05:09:22'),
	(582, 'Fqqj9_peGxk5G14y2-EI-xbWG-XK7nAe', 12, '2025-01-29 11:03:41', '2025-01-29 05:18:41', '2025-01-29 05:18:41'),
	(583, 'HaCOCxv3EIkGEfou3hniO4Xybk5srXg3', 12, '2025-01-29 11:27:09', '2025-01-29 05:42:09', '2025-01-29 05:42:09'),
	(584, 'M3sH-BSUmgqfibpp-BjYNamMDhbYU_f4', 12, '2025-01-29 12:01:30', '2025-01-29 06:16:30', '2025-01-29 06:16:30'),
	(585, 'K8ArfPYnl26WZBEDvTELBxNROCi9STj-', 12, '2025-01-29 13:55:23', '2025-01-29 08:10:23', '2025-01-29 08:10:23'),
	(586, 'nMWMXNs998gHNmXpDD1C1I9d_2W3vMDd', 12, '2025-01-29 15:59:05', '2025-01-29 10:14:05', '2025-01-29 10:14:05'),
	(587, 'NhJwPTG9Fw-_Cukm-y3EgSX9o9bBP5WV', 12, '2025-01-29 16:04:49', '2025-01-29 10:19:49', '2025-01-29 10:19:49'),
	(588, 'YqJNEG4zx0_XwPnATs65auCauWRTaanB', 12, '2025-01-29 16:14:30', '2025-01-29 10:29:30', '2025-01-29 10:29:30'),
	(589, '2hH_hITN0wIRmb8tZelKds8teW3HTKps', 12, '2025-01-29 16:37:20', '2025-01-29 10:52:20', '2025-01-29 10:52:20'),
	(590, 'L6ebFo4Wb-_tJNlp71FWPrtP8WHO4Qx0', 12, '2025-01-29 18:03:40', '2025-01-29 12:18:40', '2025-01-29 12:18:40'),
	(591, '5rrhDSQZmYcbDR0m_ihmqjawkaTcPJDc', 12, '2025-01-29 18:04:39', '2025-01-29 12:19:39', '2025-01-29 12:19:39'),
	(592, 'lXuSHEMCU7lxELHgZfqNrSBHgAkt8zXx', 12, '2025-01-29 18:13:48', '2025-01-29 12:28:48', '2025-01-29 12:28:48'),
	(593, 'P6mxvxvZknkgLl-gBw25wNYxw1apgg-r', 12, '2025-01-29 18:32:51', '2025-01-29 12:47:51', '2025-01-29 12:47:51'),
	(594, 'sBF4rudMsN2TXdYWgXwRwYJiW_gBweLL', 12, '2025-01-29 18:55:12', '2025-01-29 13:10:12', '2025-01-29 13:10:12'),
	(595, 'Q6O8lba0z4520XjimIDOaNhh2m7UpkaA', 12, '2025-01-29 19:03:53', '2025-01-29 13:18:53', '2025-01-29 13:18:53'),
	(596, '_1L7DJe-BhJDXnUb5Qhg65VrxFVk2bz3', 12, '2025-01-29 19:12:08', '2025-01-29 13:27:08', '2025-01-29 13:27:08'),
	(597, 'gccS8yBaPY0pItMruzPVQc-i4bWA7UQ7', 12, '2025-01-29 19:14:30', '2025-01-29 13:29:30', '2025-01-29 13:29:30'),
	(598, '5Q0AyXVfnV-JHIvHBgbO29yH1m9w2oYW', 12, '2025-01-29 20:22:02', '2025-01-29 14:37:02', '2025-01-29 14:37:02'),
	(599, 'LNVS7S_QM7hKkgrZB5BX3j8UzhedE2ui', 12, '2025-01-30 12:55:48', '2025-01-30 07:10:49', '2025-01-30 07:10:49'),
	(600, '8Bctl7kiLo1j_Svf504weAl-uhIDldsC', 12, '2025-01-30 13:31:45', '2025-01-30 07:46:45', '2025-01-30 07:46:45'),
	(601, 'wqBaim8eiStBnXxtgEso14CGO7T9AOYV', 12, '2025-01-30 13:57:47', '2025-01-30 08:12:47', '2025-01-30 08:12:47'),
	(602, 'OQrquEhu_Tt8SciIXUtdstdMmFk3BJBr', 12, '2025-01-30 15:48:27', '2025-01-30 10:03:27', '2025-01-30 10:03:27'),
	(603, 'vj_gqUFY0eOydUa7bQKSq2YeJJJ_W3--', 12, '2025-01-30 15:52:59', '2025-01-30 10:08:00', '2025-01-30 10:08:00'),
	(604, '_seflM06r6M8g_kW9bRpmatmIs0l_8-P', 12, '2025-01-30 17:41:37', '2025-01-30 11:56:37', '2025-01-30 11:56:37'),
	(605, 'kWw8uVlnx-4c4vI3OqNa5GWrd5Z-UpuZ', 12, '2025-01-30 17:41:50', '2025-01-30 11:56:50', '2025-01-30 11:56:50'),
	(606, 'CNUh1RHP9VpEcUWxVeduwGmpKul_Cr_Q', 12, '2025-01-30 18:32:36', '2025-01-30 12:47:36', '2025-01-30 12:47:36'),
	(607, '4ICSTYnMiTZZtTBySlaNerOJpZAqo7Ca', 12, '2025-01-30 19:07:20', '2025-01-30 13:22:20', '2025-01-30 13:22:20'),
	(608, 'OWwevd95UDH9RB5jQiBsg9Jzmdvu45Pj', 12, '2025-01-30 19:18:35', '2025-01-30 13:33:35', '2025-01-30 13:33:35'),
	(609, 'Vi6FbODGUwBJ2d3ThGrAUIwUYReWy-me', 12, '2025-01-31 12:33:13', '2025-01-31 06:48:13', '2025-01-31 06:48:13'),
	(610, 'n5n-f6EvyEsr_Z2eow819mawLWByA0Xz', 12, '2025-01-31 12:36:46', '2025-01-31 06:51:46', '2025-01-31 06:51:46'),
	(611, 'HnwYAQ1SpbOOIB3RDXsAtJMEWBK8ULxN', 12, '2025-01-31 14:04:24', '2025-01-31 08:19:24', '2025-01-31 08:19:24'),
	(612, 'fwqFe51UTmRQFFgsZQ3gYHZVJF_-iIbC', 12, '2025-01-31 14:04:24', '2025-01-31 08:19:24', '2025-01-31 08:19:24'),
	(613, '3i-zG99G65ZjPA55IdhQYXjt8r4s60jn', 12, '2025-01-31 15:52:44', '2025-01-31 10:07:44', '2025-01-31 10:07:44'),
	(614, 'ylbOozjdcS9yjVqor1xWxtWRU5a4i4ll', 12, '2025-01-31 15:55:40', '2025-01-31 10:10:40', '2025-01-31 10:10:40'),
	(615, 'oz8wnckyN6A6TlxUp1pJ6c2iclGwK0nM', 12, '2025-01-31 16:44:31', '2025-01-31 10:59:31', '2025-01-31 10:59:31'),
	(616, 'WmClhvNAUyzE6StyoPJuZtd-501PmW7X', 12, '2025-01-31 16:45:18', '2025-01-31 11:00:18', '2025-01-31 11:00:18'),
	(617, 'zfCIH_G9maN8NjrHOqsUy8eJsgHwYp6H', 12, '2025-01-31 16:54:42', '2025-01-31 11:09:42', '2025-01-31 11:09:42'),
	(618, 'm5Wulor1I3dhZp7dqLnlwnJeNFQV85Sz', 12, '2025-01-31 16:54:42', '2025-01-31 11:09:42', '2025-01-31 11:09:42'),
	(619, 'sfu2vDKqZWjnhYOEckmwpUJn6yKEX6It', 12, '2025-01-31 17:12:38', '2025-01-31 11:27:38', '2025-01-31 11:27:38'),
	(620, 'KK_sFqWtNXrRJcxFWzQTjZ11-bt2xOqo', 12, '2025-01-31 17:54:38', '2025-01-31 12:09:38', '2025-01-31 12:09:38'),
	(621, 'UqXBz-lzyUQgMXEzw9Mr8Wj3awmmxkGU', 12, '2025-01-31 18:46:36', '2025-01-31 13:01:36', '2025-01-31 13:01:36'),
	(622, 'cg0pIdO9UnKuxPYv9AxCf29JywSQSPOM', 12, '2025-01-31 18:49:38', '2025-01-31 13:04:38', '2025-01-31 13:04:38'),
	(623, 'N2n-eeQTgK0FD2Cka3Vur15S8hvsRC15', 12, '2025-01-31 18:50:18', '2025-01-31 13:05:18', '2025-01-31 13:05:18'),
	(624, 'OupVfyy8vMXojVQ8YtOstZyZ18yKCqYK', 12, '2025-01-31 18:51:10', '2025-01-31 13:06:10', '2025-01-31 13:06:10'),
	(625, 'xMB_M0eWXNNnthhMheFiTC2-ZweUVet6', 12, '2025-01-31 18:51:44', '2025-01-31 13:06:44', '2025-01-31 13:06:44'),
	(626, 'U5uYqG_XjVlEVAWwCYLco6cVGE1eughA', 12, '2025-01-31 18:52:45', '2025-01-31 13:07:45', '2025-01-31 13:07:45'),
	(627, '9pqh9NPqhAW0lfkdgdQs6uQFLIAV57nz', 12, '2025-01-31 19:00:40', '2025-01-31 13:15:40', '2025-01-31 13:15:40'),
	(628, 'Xt596ptpUV1-2gSR3Urx2He_aPRuDxMb', 12, '2025-01-31 20:04:30', '2025-01-31 14:19:30', '2025-01-31 14:19:30'),
	(629, 'nCxqTvGLcKHQp91NKatCT0bZp-LpNQI_', 12, '2025-01-31 20:05:29', '2025-01-31 14:20:29', '2025-01-31 14:20:29'),
	(630, 'lG4Cz23syMdjiigZuw2HpWW8_1I2RSFJ', 12, '2025-01-31 23:40:28', '2025-01-31 17:55:28', '2025-01-31 17:55:28'),
	(631, 'XO53l_d-uCnenPKGdB83BqfYKfr9Hxf5', 12, '2025-02-01 10:28:56', '2025-02-01 04:43:56', '2025-02-01 04:43:56'),
	(632, '5BcrnOHp_tLGqgj6j21JmFfNLa3pBflS', 12, '2025-02-01 10:32:21', '2025-02-01 04:47:21', '2025-02-01 04:47:21'),
	(633, 'iAF7mR7usMLHPNnkuSKTvcS5f5mQxrvS', 12, '2025-02-01 11:28:15', '2025-02-01 05:43:15', '2025-02-01 05:43:15'),
	(634, 'GlgCDOot-Y-80uvuNDjDBMx5OY2KcHBJ', 12, '2025-02-01 16:27:10', '2025-02-01 10:42:10', '2025-02-01 10:42:10'),
	(635, '1Vuxg3BlpStxFHqZ4roX4XF28uqNSo7H', 12, '2025-02-01 16:51:13', '2025-02-01 11:06:14', '2025-02-01 11:06:14'),
	(636, 'jlIIe2PTmZHFN4lTpsMcn4uC2lFyBbSN', 12, '2025-02-01 16:53:07', '2025-02-01 11:08:07', '2025-02-01 11:08:07'),
	(637, 'tQTnQX2FsDrD8ncpJPobNx6J0XW-HDYf', 12, '2025-02-01 16:53:58', '2025-02-01 11:08:58', '2025-02-01 11:08:58'),
	(638, 'xiAFYt8sR2JswufiTJZMxiehe1T529fU', 12, '2025-02-01 16:54:23', '2025-02-01 11:09:23', '2025-02-01 11:09:23'),
	(639, 'CSuw7bCeHwdR-vouZTecI9pfxZl0ALok', 12, '2025-02-03 10:14:59', '2025-02-03 04:29:59', '2025-02-03 04:29:59'),
	(640, '0sReOxnYXT85X2axPXJUNY2mAFCykAqG', 12, '2025-02-03 10:14:59', '2025-02-03 04:30:00', '2025-02-03 04:30:00'),
	(641, 'PdwMVb5fNrUBDffZRN0IMMrWF_a6R64l', 12, '2025-02-03 10:31:18', '2025-02-03 04:46:18', '2025-02-03 04:46:18'),
	(642, '614DIkkRfXN2YPG76VNMrjtk9S88SH-C', 12, '2025-02-03 12:05:06', '2025-02-03 06:20:06', '2025-02-03 06:20:06'),
	(643, 'QUeqkGkx5rnVzDwVMRMlw4vTcRyV7p0i', 12, '2025-02-03 12:30:22', '2025-02-03 06:45:22', '2025-02-03 06:45:22'),
	(644, 'KzYGd0YxVndm0MCP5grtfejr_c_-mteA', 12, '2025-02-03 13:02:35', '2025-02-03 07:17:35', '2025-02-03 07:17:35'),
	(645, '7gv4-cO_OLFc8kIhUHzcCYDcZ5jtFoLu', 12, '2025-02-03 14:11:42', '2025-02-03 08:26:42', '2025-02-03 08:26:42'),
	(646, '7eR6N--qqELc7o_49jwn7ROJ2SOC8s_Y', 12, '2025-02-03 15:24:44', '2025-02-03 09:39:45', '2025-02-03 09:39:45'),
	(647, 'SSui0IPb9q8nYin4Is_RPatp-kGm_yHX', 12, '2025-02-03 15:50:25', '2025-02-03 10:05:25', '2025-02-03 10:05:25'),
	(648, 'u4fIxXGQxTnC11OIUjE2YvO9H0k97sNs', 12, '2025-02-03 16:06:09', '2025-02-03 10:21:09', '2025-02-03 10:21:09'),
	(649, '8aeSoM1BdC2B7A_RhLg982RzUjAiLGui', 12, '2025-02-03 16:30:15', '2025-02-03 10:45:15', '2025-02-03 10:45:15'),
	(650, 'eMxx7gvuc5tl3Fs-3RSyI9JMg0fKbuze', 12, '2025-02-03 16:37:12', '2025-02-03 10:52:12', '2025-02-03 10:52:12'),
	(651, 'cXZv26d7Atj5e_HUUcCn4IqtOwfvJuWy', 12, '2025-02-03 17:07:55', '2025-02-03 11:22:55', '2025-02-03 11:22:55'),
	(652, 'VT_FEx6zsdkPr1DDiaEndXPO6QncrdHw', 12, '2025-02-03 17:09:26', '2025-02-03 11:24:26', '2025-02-03 11:24:26'),
	(653, '9RQHoeDrvLrcPCSxkH82eDjxMajwFK9s', 12, '2025-02-03 17:10:59', '2025-02-03 11:25:59', '2025-02-03 11:25:59'),
	(654, 'hZ5KVsIURIPHrY-QIE8kIO8R0z-bbmVY', 12, '2025-02-03 17:11:37', '2025-02-03 11:26:37', '2025-02-03 11:26:37'),
	(655, '5WsH3ijiQcVeH4gyi77FfIo_EW6iVrA3', 12, '2025-02-03 17:17:06', '2025-02-03 11:32:06', '2025-02-03 11:32:06'),
	(656, 'BTOlS6Dw2QKRL2E7qfXB86_yib1uGeEC', 12, '2025-02-03 17:36:47', '2025-02-03 11:51:48', '2025-02-03 11:51:48'),
	(657, 'bSn39SvtyscEXLwmjUNbSaZrWIjfHXgT', 12, '2025-02-03 17:55:26', '2025-02-03 12:10:26', '2025-02-03 12:10:26'),
	(658, 'IiCiJIFrjYoz3sJDhPHSQX42amYN4Z2I', 12, '2025-02-03 18:13:20', '2025-02-03 12:28:20', '2025-02-03 12:28:20'),
	(659, 'iJxeWaDpOMNNqA_NVVgkRPrG7_ONOTa-', 12, '2025-02-03 18:15:13', '2025-02-03 12:30:14', '2025-02-03 12:30:14'),
	(660, 'ieVdeKZa5RHVSjg1_JJLyrqIEg05-x4X', 12, '2025-02-03 18:33:06', '2025-02-03 12:48:06', '2025-02-03 12:48:06'),
	(661, 'jJObhDaE4rYUpi-9gwBZWC64e4KAR2wE', 12, '2025-02-03 19:25:21', '2025-02-03 13:40:21', '2025-02-03 13:40:21'),
	(662, '5y7jff6GI5LrBXuriG4lZv4m9HtuKWV0', 12, '2025-02-04 03:20:56', '2025-02-03 21:35:56', '2025-02-03 21:35:56'),
	(663, 'VSjs8z-9v687HLFpWsKx1zJSoZJWqCka', 12, '2025-02-04 10:57:32', '2025-02-04 05:12:32', '2025-02-04 05:12:32'),
	(664, 'xgI0o8tewIFV33Iv1AtgCPaPhFEycevE', 12, '2025-02-04 17:52:20', '2025-02-04 12:07:20', '2025-02-04 12:07:20'),
	(665, 'NF4jwnigNR2verkdKOWgwkzk6UoLMvr6', 12, '2025-02-04 18:14:08', '2025-02-04 12:29:08', '2025-02-04 12:29:08'),
	(666, 'nvm76THUTBv12_ime6GBc5IMXiC8aqKp', 12, '2025-02-05 10:24:02', '2025-02-05 04:39:02', '2025-02-05 04:39:02'),
	(667, 't0Z2hDbl2xfAnmJEsjubGCWZ-iBlHu4e', 12, '2025-02-05 10:30:10', '2025-02-05 04:45:10', '2025-02-05 04:45:10'),
	(668, 'XueSv2UDXhfhPUjFjaHgVQ3yZMoGT3c7', 12, '2025-02-05 10:47:34', '2025-02-05 05:02:34', '2025-02-05 05:02:34'),
	(669, 'du47D5ppO4b_ks_JNgZj-fUbr5To3sAP', 12, '2025-02-05 11:09:33', '2025-02-05 05:24:34', '2025-02-05 05:24:34'),
	(670, 't6G66bSDn0DFSJhDNdVvf56E3yJUX5i0', 13, '2025-02-05 11:11:43', '2025-02-05 05:26:43', '2025-02-05 05:26:43'),
	(671, '19GILhmGN39ktsGPke0iyrwWckZYwWeS', 12, '2025-02-05 11:18:10', '2025-02-05 05:33:10', '2025-02-05 05:33:10'),
	(672, '6HI2RW-HeDuSf58PjcqWIlod9wbO5oBL', 12, '2025-02-05 11:18:10', '2025-02-05 05:33:11', '2025-02-05 05:33:11'),
	(673, 'wHYk41O7wWf3Ds0LPImQY5jpgmjOyv7y', 12, '2025-02-05 11:48:04', '2025-02-05 06:03:05', '2025-02-05 06:03:05'),
	(674, '1pJ4PyKxuT4djHr_rYKSxtYtgGUV9DsV', 12, '2025-02-05 11:48:41', '2025-02-05 06:03:41', '2025-02-05 06:03:41'),
	(675, '6N9kNmTRU2fTTAlVwjl6ga3-NEaCuCDo', 12, '2025-02-05 11:51:18', '2025-02-05 06:06:18', '2025-02-05 06:06:18'),
	(676, 'AqOKuBd0bIu2qiR-DH-mU2Agp1F6KNg_', 12, '2025-02-05 12:01:58', '2025-02-05 06:16:58', '2025-02-05 06:16:58'),
	(677, 'BhV6BbwkY3Xk3rYMmjd63LRSefRqVAGg', 12, '2025-02-05 12:03:39', '2025-02-05 06:18:39', '2025-02-05 06:18:39'),
	(678, 'n6HOVBpXpVrs2Uc0tOcVCdmreiNqoyL4', 12, '2025-02-05 12:04:09', '2025-02-05 06:19:09', '2025-02-05 06:19:09'),
	(679, 'Kr2TRCdLbINdeFYeyNxXgObkaIc0PdWb', 12, '2025-02-05 12:10:19', '2025-02-05 06:25:20', '2025-02-05 06:25:20'),
	(680, 'BbI8tBjZ4aZijY8WyWCcwYfKicaW7Ub3', 12, '2025-02-05 12:15:17', '2025-02-05 06:30:18', '2025-02-05 06:30:18'),
	(681, 'Y4RZ_O4Nq9BsKh0pvVcEZpjC3U7NWND-', 12, '2025-02-05 12:17:22', '2025-02-05 06:32:22', '2025-02-05 06:32:22'),
	(682, 'y5E1Rmq-2bu3LPogx3saqKLATMJDIonr', 12, '2025-02-05 12:18:18', '2025-02-05 06:33:18', '2025-02-05 06:33:18'),
	(683, 'EKFb6n_EWu04Gtgq5YULeG4LknFu8MGP', 13, '2025-02-05 12:18:47', '2025-02-05 06:33:47', '2025-02-05 06:33:47'),
	(684, '2z5B_5mOtBm7PnbnsAV-6MK4aLAf_mIv', 13, '2025-02-05 12:22:05', '2025-02-05 06:37:05', '2025-02-05 06:37:05'),
	(685, 'Mm8xvR1dv8a-vrtQoepmY7Qtw_w4B0c0', 14, '2025-02-05 12:23:53', '2025-02-05 06:38:53', '2025-02-05 06:38:53'),
	(686, 'EcEXn39qO2C55CpL_6_Jk36DpG5zL_B3', 12, '2025-02-05 12:32:07', '2025-02-05 06:47:07', '2025-02-05 06:47:07'),
	(687, 'lBcANgbqKnzEkfRC2LddBKRnccnnHG_v', 14, '2025-02-05 12:35:27', '2025-02-05 06:50:27', '2025-02-05 06:50:27'),
	(688, '7HRYv1OR6crCocEe14l9SfiL_RR9AMVg', 13, '2025-02-05 12:37:59', '2025-02-05 06:52:59', '2025-02-05 06:52:59'),
	(689, 'x_dYtRCmW1djR0MxlW3ZX1D9NKXyYXLA', 15, '2025-02-05 12:38:48', '2025-02-05 06:53:48', '2025-02-05 06:53:48'),
	(690, '0D10PT0qJx0ugWqvfnufh9tWr3fNZMTm', 13, '2025-02-05 12:39:03', '2025-02-05 06:54:03', '2025-02-05 06:54:03'),
	(691, 'K_HTjG7TxPAJzQgvvZUfP1Rhy4qAScPI', 15, '2025-02-05 12:39:58', '2025-02-05 06:54:58', '2025-02-05 06:54:58'),
	(692, '27tGOv1nLKG0S6k20Vkj9MbPiCc6Ghh9', 15, '2025-02-05 12:42:10', '2025-02-05 06:57:10', '2025-02-05 06:57:10'),
	(693, 'U6eaN3VBcEZTR_JwXCDmG47dQqRlo21a', 15, '2025-02-05 12:45:29', '2025-02-05 07:00:29', '2025-02-05 07:00:29'),
	(694, 'MDF1ubMcKgDaFk77zhsSZX2YfwVVKGxg', 15, '2025-02-05 12:46:53', '2025-02-05 07:01:53', '2025-02-05 07:01:53'),
	(695, 'JvglDrvjAoxIJlfFLNbe1ge3cttDNxqt', 15, '2025-02-05 12:47:30', '2025-02-05 07:02:30', '2025-02-05 07:02:30'),
	(696, 'OfXQfbjPf8Fu4MbGbYMt3H6b_Htk7q7w', 15, '2025-02-05 12:49:43', '2025-02-05 07:04:43', '2025-02-05 07:04:43'),
	(697, 'yBT3WeNIogDFTkA5BL6r6UWvu08ZlpsI', 12, '2025-02-05 13:10:08', '2025-02-05 07:25:09', '2025-02-05 07:25:09'),
	(698, 'aqslx6RdqMw17yGvavNBcALBRXaOom6I', 13, '2025-02-05 13:15:39', '2025-02-05 07:30:39', '2025-02-05 07:30:39'),
	(699, 'axvWJPCmJ4JVD-FjQn31wzJ9YEJY60s-', 12, '2025-02-05 14:27:49', '2025-02-05 08:42:49', '2025-02-05 08:42:49'),
	(700, 'pP-zuV781erMy4KL4bNSFqmA8flL7k84', 15, '2025-02-05 14:28:21', '2025-02-05 08:43:21', '2025-02-05 08:43:21'),
	(701, 'r04E6dEePaG8Ro8AlBpjPCixmXfaMfND', 15, '2025-02-05 14:50:35', '2025-02-05 09:05:35', '2025-02-05 09:05:35'),
	(702, 'eVyewpFGIzpMPZfIjYs5odmBVk2898Jd', 12, '2025-02-05 14:52:20', '2025-02-05 09:07:20', '2025-02-05 09:07:20'),
	(703, '0MIPKT3oiOM3whkc9r0p1d58-0p1l7Nt', 12, '2025-02-05 15:21:13', '2025-02-05 09:36:13', '2025-02-05 09:36:13'),
	(704, '-5f3aDxAG2HLuh7mV1UQPgj0AaNQZFKS', 15, '2025-02-05 16:11:41', '2025-02-05 10:26:41', '2025-02-05 10:26:41'),
	(705, 'FrODzVrT7SXfDWC3kr6KVH338EGjvUkM', 12, '2025-02-05 16:12:56', '2025-02-05 10:27:56', '2025-02-05 10:27:56'),
	(706, 'muImabEy763T8MqSUpQjsnpS9fuV7N8a', 12, '2025-02-05 16:18:34', '2025-02-05 10:33:35', '2025-02-05 10:33:35'),
	(707, 'rEkB6EwdPyLPtohGOZyFc2CpfoF8UOQF', 15, '2025-02-05 16:20:23', '2025-02-05 10:35:23', '2025-02-05 10:35:23'),
	(708, 'ON_xaBQ2BP_zu1cZ1sQ55twhv6dBL-ad', 12, '2025-02-05 17:03:39', '2025-02-05 11:18:39', '2025-02-05 11:18:39'),
	(709, 'SLNgNMARJS_tite3VtJkB7KQjSixmOSS', 12, '2025-02-05 17:15:39', '2025-02-05 11:30:39', '2025-02-05 11:30:39'),
	(710, '8jFfmwKz8QVcbXPoyFMCwZvv-otMi8nP', 12, '2025-02-05 17:28:12', '2025-02-05 11:43:12', '2025-02-05 11:43:12'),
	(711, '-0OPeVg3Puy-qot3zGo7k2sef3YyufUf', 12, '2025-02-05 17:28:12', '2025-02-05 11:43:12', '2025-02-05 11:43:12'),
	(712, 'c4ZqSpgGNnB7FQf69HIR7q6mZ7feYVZh', 12, '2025-02-05 17:37:49', '2025-02-05 11:52:49', '2025-02-05 11:52:49'),
	(713, 'r8a2cyed_NavBVqb4a4vMWIQXoQEiues', 12, '2025-02-05 19:31:40', '2025-02-05 13:46:40', '2025-02-05 13:46:40'),
	(714, 'YZL-RLI_RGYWBnInxL7ll-5oaCCQSTDw', 12, '2025-02-05 19:33:49', '2025-02-05 13:48:49', '2025-02-05 13:48:49'),
	(715, 'dYTM39qdZr5Tei_kMxE4BvycDxU2bEL9', 12, '2025-02-06 10:46:11', '2025-02-06 05:01:11', '2025-02-06 05:01:11'),
	(716, 'q0xmRIyYwKGx6RHzUC54_Z1ahSQPPYmX', 12, '2025-02-06 10:57:54', '2025-02-06 05:12:54', '2025-02-06 05:12:54'),
	(717, 'aLGzQJbJB1qVeA5O_A6klpijjOm7MZIu', 12, '2025-02-06 11:14:17', '2025-02-06 05:29:17', '2025-02-06 05:29:17'),
	(718, 'wI7FLpFw06RdSSe7inRqKmjfvNijZSBc', 12, '2025-02-06 11:20:21', '2025-02-06 05:35:21', '2025-02-06 05:35:21'),
	(719, '_1Sw6BUx7JHzUyO5VIXSzYF6O0vRn5Gm', 12, '2025-02-06 11:23:23', '2025-02-06 05:38:23', '2025-02-06 05:38:23'),
	(720, 'ebM6URbOeaaiLIqwiI14IB7l0itGftv3', 12, '2025-02-06 11:29:04', '2025-02-06 05:44:05', '2025-02-06 05:44:05'),
	(721, 'i6L2wDQ1tJxV6IMUTtsEkmsMDlaTOHlh', 12, '2025-02-06 11:29:05', '2025-02-06 05:44:05', '2025-02-06 05:44:05'),
	(722, 'n6552IsH6bZGSuhi4IdZoKcbEjJ0om8M', 12, '2025-02-06 12:10:30', '2025-02-06 06:25:30', '2025-02-06 06:25:30'),
	(723, 'ykO7GHbJ_Y9aS7qbTskJ5efpVMoDuqGt', 12, '2025-02-06 12:43:50', '2025-02-06 06:58:50', '2025-02-06 06:58:50'),
	(724, 'cVRb3js8TmCEaYLM5wUMX8wksXF0Vu_I', 12, '2025-02-06 12:47:18', '2025-02-06 07:02:18', '2025-02-06 07:02:18'),
	(725, 'VsWhsK2zznicE1rnj_kiYqpZvJqsuLNo', 12, '2025-02-06 12:55:21', '2025-02-06 07:10:21', '2025-02-06 07:10:21'),
	(726, 'cDBOImx2UIEwfdWMkpHrP-AZQDlTu9mP', 12, '2025-02-06 13:17:39', '2025-02-06 07:32:39', '2025-02-06 07:32:39'),
	(727, '-awnT06aJToEvIXJ9X97F1_rPK-3lT1l', 12, '2025-02-06 15:34:42', '2025-02-06 09:49:42', '2025-02-06 09:49:42'),
	(728, 'hsPzIe4xKeNz6L512RXLkIj5BDD1fljD', 12, '2025-02-06 15:39:40', '2025-02-06 09:54:40', '2025-02-06 09:54:40'),
	(729, 'piZCfC0Wt7PEt5FFp4HXIn7dudl0s9aS', 12, '2025-02-06 16:13:44', '2025-02-06 10:28:45', '2025-02-06 10:28:45'),
	(730, 'WlyDAewbUxpinraQOnjKohjCSgjzAzm1', 12, '2025-02-06 16:13:45', '2025-02-06 10:28:45', '2025-02-06 10:28:45'),
	(731, 'bflMCxeZ9mRb4JFThUFzREqQodsLqbgB', 12, '2025-02-06 16:14:38', '2025-02-06 10:29:38', '2025-02-06 10:29:38'),
	(732, 'Gg0cEPkZ_JKLtAgrYoxCNc4OVYDWrsXe', 12, '2025-02-06 16:14:39', '2025-02-06 10:29:39', '2025-02-06 10:29:39'),
	(733, 'K7zSzF14BzsYfXJpzUrepDsfrrIeOjSo', 12, '2025-02-06 17:16:24', '2025-02-06 11:31:24', '2025-02-06 11:31:24'),
	(734, 'Pzwe3bhsuRCj6h1mjmzuse-Ro_5xGW5j', 12, '2025-02-06 18:20:40', '2025-02-06 12:35:40', '2025-02-06 12:35:40'),
	(735, 'Bi9TLvhfmQiKVcvCSAn-rWKu_Ks3eKWg', 12, '2025-02-06 18:22:16', '2025-02-06 12:37:16', '2025-02-06 12:37:16'),
	(736, '3XLQU5FmA3T3yvIgmsK06NvFmiLibyyn', 12, '2025-02-06 19:55:54', '2025-02-06 14:10:55', '2025-02-06 14:10:55'),
	(737, 'DIqj6RkJJ_JXauHg02TtxilQaWOifaQB', 12, '2025-02-07 11:02:43', '2025-02-07 05:17:43', '2025-02-07 05:17:43'),
	(738, '1p6MuIA3NQVMqhItRUd6oWo9qVgZC-2c', 12, '2025-02-07 11:04:44', '2025-02-07 05:19:44', '2025-02-07 05:19:44'),
	(739, 'qSxCKOUEL_GSnFi64GuHPypxJ8_nIAA-', 12, '2025-02-07 17:18:05', '2025-02-07 11:33:05', '2025-02-07 11:33:05'),
	(740, 'MucqwZpzUA82XixpsYsRPFIzBxbNAbKd', 12, '2025-02-07 17:23:39', '2025-02-07 11:38:39', '2025-02-07 11:38:39'),
	(741, 'kp0LoukWZq0xPD9zdVlyBbmV2HEjnCaP', 12, '2025-02-07 17:50:29', '2025-02-07 12:05:29', '2025-02-07 12:05:29'),
	(742, 'rLxGeXOHfFExd4JxsdACorMQwzxHXp__', 12, '2025-02-07 18:08:54', '2025-02-07 12:23:54', '2025-02-07 12:23:54'),
	(743, 'z_agNsu_P0aUvjF4XeME0roLxaiA6f1u', 12, '2025-02-07 18:34:48', '2025-02-07 12:49:48', '2025-02-07 12:49:48'),
	(744, 'AJkPnw8ABM6nFUYp5CmVEaT479EFi7c3', 12, '2025-02-07 19:02:16', '2025-02-07 13:17:16', '2025-02-07 13:17:16'),
	(745, 'DNZmibISMC2V0DtaLW54J0NCEpS2Q6NT', 12, '2025-02-08 11:12:40', '2025-02-08 05:27:41', '2025-02-08 05:27:41'),
	(746, 'IYj3xCzkmDLIs6R10ZeaAr47vAElHSBU', 12, '2025-02-08 12:47:39', '2025-02-08 07:02:39', '2025-02-08 07:02:39'),
	(747, 'FZJkoOxyzY3jf_eR6KxHKLF9Dm3BDptR', 12, '2025-02-08 12:51:12', '2025-02-08 07:06:12', '2025-02-08 07:06:12'),
	(748, 'AZGpn232I4mTLWQM9eAawlvq5VMXkOaE', 12, '2025-02-08 13:18:42', '2025-02-08 07:33:43', '2025-02-08 07:33:43'),
	(749, 'wrKir8Vj7DpVgdm5QgLxOydXJP95FbRV', 12, '2025-02-08 14:31:55', '2025-02-08 08:46:55', '2025-02-08 08:46:55'),
	(750, 'TL6y3R5WirOur1gnK47t2qSzKfihLN4h', 12, '2025-02-08 14:48:32', '2025-02-08 09:03:32', '2025-02-08 09:03:32'),
	(751, 'fz_HZb7W339avlwC_jp52XSVexxzehbu', 12, '2025-02-08 16:00:44', '2025-02-08 10:15:44', '2025-02-08 10:15:44'),
	(752, 'EV9UOc5znrlCLOoHH6E2ksu1r8LQGH5i', 12, '2025-02-08 17:58:08', '2025-02-08 12:13:08', '2025-02-08 12:13:08'),
	(753, 'doYCZoo09gSXrYHpW0VQOSb3VUdyFEMz', 12, '2025-02-08 18:25:05', '2025-02-08 12:40:05', '2025-02-08 12:40:05'),
	(754, 'tDrhTpxROlfwHrsV97kD3vRzfQC9HyeR', 12, '2025-02-08 18:38:53', '2025-02-08 12:53:54', '2025-02-08 12:53:54'),
	(755, 'pS2lZKNgejRtVwGZSTGBALbjGI-tL2Qh', 12, '2025-02-10 10:36:19', '2025-02-10 04:51:19', '2025-02-10 04:51:19'),
	(756, 'ymw03Zf6bAJNsRZIE6xrAJTJDXYj7YqH', 12, '2025-02-10 11:56:29', '2025-02-10 06:11:29', '2025-02-10 06:11:29'),
	(757, 'UFeyKQflJG_U_jcypllKbOe_j4OPQriS', 12, '2025-02-10 13:46:07', '2025-02-10 08:01:08', '2025-02-10 08:01:08'),
	(758, 'HRqEtc7-8yJ_k8T_VNTD0Ren5AcoSVmS', 12, '2025-02-10 15:12:08', '2025-02-10 09:27:08', '2025-02-10 09:27:08'),
	(759, 'XkmHUnzsjDDwYVwcTBXUo81q10LzzzvN', 12, '2025-02-10 15:33:39', '2025-02-10 09:48:39', '2025-02-10 09:48:39'),
	(760, 'FZXyhv1iBa8e1iNrJ5-qVKPR8Nw8PQaI', 12, '2025-02-10 16:51:07', '2025-02-10 11:06:07', '2025-02-10 11:06:07'),
	(761, 'V94UZuylGsnGprDY-4vrSZvJoqqrNwKJ', 12, '2025-02-10 17:24:47', '2025-02-10 11:39:47', '2025-02-10 11:39:47'),
	(762, 'H6zCjNF57Aq8Lx0ZnI8MxMpr1o8nq3k-', 12, '2025-02-10 17:32:44', '2025-02-10 11:47:44', '2025-02-10 11:47:44'),
	(763, 'feTvUB1Jb-ADSyXEhMIrJ8nqjCXCSPvp', 12, '2025-02-10 17:58:55', '2025-02-10 12:13:56', '2025-02-10 12:13:56'),
	(764, 'cftRVebWdKgjxGiec8MzOBYiCeAnMGpi', 12, '2025-02-11 11:08:49', '2025-02-11 05:23:49', '2025-02-11 05:23:49'),
	(765, 'XaC4uZP-IVKIrP6HAQg4hcX9VNbtg3um', 12, '2025-02-11 12:05:19', '2025-02-11 06:20:19', '2025-02-11 06:20:19'),
	(766, 'nmefkKyPl1FtMKlpNU7FDDeVtbzqiQcO', 12, '2025-02-11 12:10:13', '2025-02-11 06:25:14', '2025-02-11 06:25:14'),
	(767, 'jW6fgnkDFTGRDtC8_FEiaGWBtu92Tu9o', 12, '2025-02-11 12:38:50', '2025-02-11 06:53:50', '2025-02-11 06:53:50'),
	(768, 'iJp2Hr7dNBD50Jx1Ahf7-gVafar48vDf', 12, '2025-02-11 13:28:40', '2025-02-11 07:43:40', '2025-02-11 07:43:40'),
	(769, 'md4DL6NCbtwg2l9pLfg4aICVMCoF6Kjy', 12, '2025-02-11 13:28:54', '2025-02-11 07:43:54', '2025-02-11 07:43:54'),
	(770, 'cf7tbW0LX0vEr19_E9wQIAIyv8I4dFhE', 12, '2025-02-11 16:05:51', '2025-02-11 10:20:51', '2025-02-11 10:20:51'),
	(771, 'MBZZabk0PDOkbldvVFGsoQsnTaEFl6e-', 12, '2025-02-11 16:17:25', '2025-02-11 10:32:25', '2025-02-11 10:32:25'),
	(772, 'CaaXgYTDXYh5X8ss-VP1ZguDcbsqh1LO', 12, '2025-02-11 17:24:57', '2025-02-11 11:39:57', '2025-02-11 11:39:57'),
	(773, 'xt0lkbtPaiMwqIc-9dQjlv9OrXu1nGCS', 12, '2025-02-11 18:18:41', '2025-02-11 12:33:42', '2025-02-11 12:33:42'),
	(774, '-6euC2JxEo7SmKztlp6y7WJ_9edI4hhM', 12, '2025-02-11 18:48:22', '2025-02-11 13:03:22', '2025-02-11 13:03:22'),
	(775, 'OR2fGnsT575WjvYPrBw92pwJdRYJ0NOs', 12, '2025-02-12 10:58:39', '2025-02-12 05:13:40', '2025-02-12 05:13:40'),
	(776, 'ZGw3Lj1FVK6hcFoZZGjggoWJmrS9J43b', 12, '2025-02-12 11:38:04', '2025-02-12 05:53:04', '2025-02-12 05:53:04'),
	(777, 'D1sGYhLNXYpWKkA1X1JGT4XAo7J9Xya_', 12, '2025-02-12 12:31:12', '2025-02-12 06:46:12', '2025-02-12 06:46:12'),
	(778, 'yiXhXslo0cs7jqXed3YSMV1SX97iJ0jU', 12, '2025-02-12 12:49:15', '2025-02-12 07:04:15', '2025-02-12 07:04:15'),
	(779, 'pFNfyeaTJNdVDBiuiw9FxOVatqW_z2sZ', 12, '2025-02-12 13:09:02', '2025-02-12 07:24:02', '2025-02-12 07:24:02'),
	(780, 'XX4VAt9JDOL1x8aXFA2cdnur2mohyaQQ', 12, '2025-02-12 13:31:44', '2025-02-12 07:46:44', '2025-02-12 07:46:44'),
	(781, '1JcABhueRu4DsgMuzIqUbNaxxF9OT6GL', 12, '2025-02-12 13:34:30', '2025-02-12 07:49:30', '2025-02-12 07:49:30'),
	(782, 'GJucfv0qAmyd9xSzhNzM-7VftKHbRTu4', 12, '2025-02-12 14:20:34', '2025-02-12 08:35:34', '2025-02-12 08:35:34'),
	(783, 'M3gehWRbkbaA58J65mtFPge24lKdWA-5', 12, '2025-02-12 14:43:54', '2025-02-12 08:58:54', '2025-02-12 08:58:54'),
	(784, 'aiRnL9CH1-OIiMuf7TTDZbzZ_Lk5y01p', 12, '2025-02-12 14:43:54', '2025-02-12 08:58:54', '2025-02-12 08:58:54'),
	(785, 'RUthdHBaFHnWadeBDJbtmrwvrrb0fXS8', 12, '2025-02-12 15:37:58', '2025-02-12 09:52:58', '2025-02-12 09:52:58'),
	(786, 'r3wTpSz47o32HrR0b8VD9rOqThusS6Qx', 12, '2025-02-12 15:39:13', '2025-02-12 09:54:13', '2025-02-12 09:54:13'),
	(787, 'LRH6dNaSSXdxRoSsicQ5lJf5TGCsuqVA', 12, '2025-02-12 15:59:11', '2025-02-12 10:14:11', '2025-02-12 10:14:11'),
	(788, 'Jvh3tff5-02IeTJI5CIIBmYE7VpfbJPI', 12, '2025-02-12 16:01:26', '2025-02-12 10:16:26', '2025-02-12 10:16:26'),
	(789, 'IE4R6fWUagENoVIfWAvLm_jP6iU7Mmdy', 12, '2025-02-12 16:01:37', '2025-02-12 10:16:37', '2025-02-12 10:16:37'),
	(790, 'gergHeWyc7BjFkE9qDL6OOQVPo1OIucG', 12, '2025-02-12 16:06:31', '2025-02-12 10:21:31', '2025-02-12 10:21:31'),
	(791, 'O77l2Srz7Se0nIfYW9-23SWvrDl13b4s', 12, '2025-02-12 16:17:10', '2025-02-12 10:32:10', '2025-02-12 10:32:10'),
	(792, 'Crauv-8LioLSf-a0j-4I6Cq3fObOySDd', 12, '2025-02-12 16:45:57', '2025-02-12 11:00:57', '2025-02-12 11:00:57'),
	(793, '5wqDwW92Ie_Cz7E88i4fP2DZ8-9ZeCU2', 12, '2025-02-12 17:26:05', '2025-02-12 11:41:05', '2025-02-12 11:41:05'),
	(794, 'JWanwepqgSLG0eDVq3XC3NVEdLmkJYQB', 12, '2025-02-12 17:26:06', '2025-02-12 11:41:07', '2025-02-12 11:41:07'),
	(795, 'Q1n9euP-5NYzpP-AAH2FeB2KRl0zb3yk', 12, '2025-02-12 17:45:08', '2025-02-12 12:00:09', '2025-02-12 12:00:09'),
	(796, '2ZAjCJxRjyqTuiM8YvjKvyCNA4JRuHJL', 12, '2025-02-12 17:51:08', '2025-02-12 12:06:09', '2025-02-12 12:06:09'),
	(797, 'Tv9_3sd7xpVE9WCrnDeQ3Sxzzjmlfa6_', 12, '2025-02-12 17:57:03', '2025-02-12 12:12:03', '2025-02-12 12:12:03'),
	(798, 'R66qPaV9sK8TlBL90SPknDLWFmHAvD56', 12, '2025-02-12 17:58:22', '2025-02-12 12:13:22', '2025-02-12 12:13:22'),
	(799, 'r5q_xwhgo5IKWZc8If-NODWvRAiEwvh-', 12, '2025-02-12 18:21:24', '2025-02-12 12:36:24', '2025-02-12 12:36:24'),
	(800, 'JACrjSZM8f1JxdGZDlfPZzWE5YpvResY', 12, '2025-02-12 18:51:35', '2025-02-12 13:06:35', '2025-02-12 13:06:35'),
	(801, 'L9n5LP6e2pW_OgAtVV-ZWQwmA9Yc2jwq', 12, '2025-02-13 12:07:49', '2025-02-13 06:22:49', '2025-02-13 06:22:49'),
	(802, '7N9seP7adaLJLec0HJ1G5dZV94zZP8yH', 12, '2025-02-13 12:09:52', '2025-02-13 06:24:52', '2025-02-13 06:24:52'),
	(803, 'iok8tot86qgJ9t0dp8bFr5FecPgvTLrW', 12, '2025-02-13 12:22:33', '2025-02-13 06:37:33', '2025-02-13 06:37:33'),
	(804, 'JcHyRfWutvXNY-uMwhhMY5J9h4_rmxLm', 12, '2025-02-13 12:53:46', '2025-02-13 07:08:47', '2025-02-13 07:08:47'),
	(805, 'wjbGAKLhF39XunooCMotGC5uCgfH7nWe', 12, '2025-02-13 12:58:16', '2025-02-13 07:13:16', '2025-02-13 07:13:16'),
	(806, 'Uu7IZ1vMymmhcLlv9IYBL593p35gCP-h', 12, '2025-02-13 13:02:17', '2025-02-13 07:17:17', '2025-02-13 07:17:17'),
	(807, 'h2bggL2dEgc9v7-5qc-m3oj3mtSWSDLN', 12, '2025-02-13 13:33:32', '2025-02-13 07:48:33', '2025-02-13 07:48:33'),
	(808, 'NxPW9ghhTj007bbn3--dygLegKjI3Mnn', 12, '2025-02-13 13:46:23', '2025-02-13 08:01:23', '2025-02-13 08:01:23'),
	(809, 'O689auIzECeKAkIknKUDKV8Igsq-td8H', 12, '2025-02-13 14:05:13', '2025-02-13 08:20:13', '2025-02-13 08:20:13'),
	(810, 'o_B1prxvvXmUa5tsPyjnces-SYj2H6XJ', 12, '2025-02-13 14:06:24', '2025-02-13 08:21:24', '2025-02-13 08:21:24'),
	(811, 'prJC1FpA-45jEmY3DX4aDF0n_RwmqpAW', 12, '2025-02-13 14:10:07', '2025-02-13 08:25:07', '2025-02-13 08:25:07'),
	(812, 'UoR0DHrTwPxzIQAK5qqlGE5BO4q3a8DV', 12, '2025-02-13 14:20:16', '2025-02-13 08:35:16', '2025-02-13 08:35:16'),
	(813, 'DJoKT3bUxwpU3yZ5ghcWw8XzW-_p7sCj', 14, '2025-02-13 14:47:16', '2025-02-13 09:02:16', '2025-02-13 09:02:16'),
	(814, '6GVOiDm-EG_WMqxDjms7HNNTDzSn9sDr', 12, '2025-02-13 15:41:04', '2025-02-13 09:56:04', '2025-02-13 09:56:04'),
	(815, 'kW6oM23ZFhiUi86OF1_f-GWIZ2CmqXmp', 12, '2025-02-13 15:50:07', '2025-02-13 10:05:07', '2025-02-13 10:05:07'),
	(816, '0fpGOkEv-4fn0-apDPH8pE58mP5Jxe7J', 12, '2025-02-13 15:51:51', '2025-02-13 10:06:51', '2025-02-13 10:06:51'),
	(817, 'eYlp-s-IpkaCHxd8IW68gdJr91Eab9HS', 12, '2025-02-13 15:53:48', '2025-02-13 10:08:48', '2025-02-13 10:08:48'),
	(818, '2ZPzi6O8ePOiehJmfL-1Oz0FlgzbQ3tA', 12, '2025-02-13 15:53:56', '2025-02-13 10:08:56', '2025-02-13 10:08:56'),
	(819, 'L3qJMa35vnNUfVanSTXsso1eiAH7ruNG', 12, '2025-02-13 15:58:07', '2025-02-13 10:13:07', '2025-02-13 10:13:07'),
	(820, 'mFjbB3XDNKm-LRkt5-7tSZs-N5wVuUgV', 12, '2025-02-13 16:20:19', '2025-02-13 10:35:19', '2025-02-13 10:35:19'),
	(821, 'attUR3MX1ozAHLuhECopypy9dQxmBuyy', 12, '2025-02-13 16:21:37', '2025-02-13 10:36:38', '2025-02-13 10:36:38'),
	(822, 'n1s7ya--XVl4NqbqGgW12iklxGp_N18M', 12, '2025-02-13 16:26:36', '2025-02-13 10:41:36', '2025-02-13 10:41:36'),
	(823, 'vExDpuR9Xing4HPrU7rht_2RZlhnwL7R', 12, '2025-02-13 16:39:13', '2025-02-13 10:54:13', '2025-02-13 10:54:13'),
	(824, 'iobIKhcXPA2ZVy1E4f8IwV5pGrtBbcIw', 12, '2025-02-13 17:24:16', '2025-02-13 11:39:17', '2025-02-13 11:39:17'),
	(825, 'caghaSIASZZT1bPlid7IQejtxjHpf-F5', 12, '2025-02-13 17:43:00', '2025-02-13 11:58:00', '2025-02-13 11:58:00'),
	(826, 'HRa3HkcsCXvq-G06WJLMoyqYCT4h7lHS', 12, '2025-02-13 17:57:26', '2025-02-13 12:12:26', '2025-02-13 12:12:26'),
	(827, 'Jzn8MvK5m-Vyu9QZhrKfoOlgItMmMcD4', 12, '2025-02-13 18:24:34', '2025-02-13 12:39:34', '2025-02-13 12:39:34'),
	(828, 'UnxAhn4UhnPKp_zWNhMV76-WZmGHwzDN', 12, '2025-02-13 18:26:12', '2025-02-13 12:41:12', '2025-02-13 12:41:12'),
	(829, 'YHNVHbun1zhnJKjq5HCccl0ksyBVaBem', 12, '2025-02-13 18:49:28', '2025-02-13 13:04:28', '2025-02-13 13:04:28'),
	(830, 'rBxA8km63d3bij99dBYYHl11pPepFsfv', 12, '2025-02-13 18:58:02', '2025-02-13 13:13:02', '2025-02-13 13:13:02'),
	(831, '-7cAFt8pJCYg6GTUqWO9mzCgioUk4j1X', 12, '2025-02-13 18:59:46', '2025-02-13 13:14:46', '2025-02-13 13:14:46'),
	(832, 'BbcZ1rAn75ixgjzUgoxurDn9Copmxd8g', 12, '2025-02-13 19:14:15', '2025-02-13 13:29:15', '2025-02-13 13:29:15'),
	(833, 'wLgXGd3s55mTaCY8FiRyL-btK9VKjkaA', 12, '2025-02-13 19:18:34', '2025-02-13 13:33:34', '2025-02-13 13:33:34'),
	(834, 'tcxJU67usbjCtFbnSYRRsUDsBeXKaJAl', 12, '2025-02-14 11:57:52', '2025-02-14 06:12:52', '2025-02-14 06:12:52'),
	(835, 'LmSVNrFAaFnpZg_Ykgcklfzp0a5pR-93', 12, '2025-02-14 12:18:05', '2025-02-14 06:33:05', '2025-02-14 06:33:05'),
	(836, 'JczWAeKRN7rI7MlPGRax2VR2A9jzT1vQ', 12, '2025-02-14 14:00:48', '2025-02-14 08:15:48', '2025-02-14 08:15:48'),
	(837, '_3fAfEkSex652EJ5QBhSxaS40H-efDVr', 12, '2025-02-14 14:00:48', '2025-02-14 08:15:49', '2025-02-14 08:15:49'),
	(838, 'DQopTscblvobllqq9MzYmn68_9TDYNHI', 12, '2025-02-14 14:17:02', '2025-02-14 08:32:02', '2025-02-14 08:32:02'),
	(839, 'D07vUGMcxmHB5QitaZlBwKhCQS7Mr94_', 12, '2025-02-14 14:17:53', '2025-02-14 08:32:54', '2025-02-14 08:32:54'),
	(840, 'cNN_T-5u03lY7waNx8rTvZzRzx3362nz', 12, '2025-02-14 15:09:11', '2025-02-14 09:24:11', '2025-02-14 09:24:11'),
	(841, 'mRkceoJiKlPZBtDoe2b8HYV3A3pTIQbd', 12, '2025-02-14 16:40:13', '2025-02-14 10:55:13', '2025-02-14 10:55:13'),
	(842, 'SS1GZUtuoolQdBW-tw4zHzlnuZqHbPsh', 12, '2025-02-14 16:42:53', '2025-02-14 10:57:54', '2025-02-14 10:57:54'),
	(843, '8_T2AIHmPPU8rmhWsgBeNfjLUhqUw_S3', 12, '2025-02-14 16:51:54', '2025-02-14 11:06:54', '2025-02-14 11:06:54'),
	(844, 'SxDZIwgoD-ZOwjPSefc_n4mXA1zayHXb', 12, '2025-02-14 17:04:40', '2025-02-14 11:19:40', '2025-02-14 11:19:40'),
	(845, 'X-ZnWQG81s7brvBTGzX73FgenrVKANTB', 12, '2025-02-14 17:08:01', '2025-02-14 11:23:01', '2025-02-14 11:23:01'),
	(846, 'jg3EDr6JnjBcb0lrcQdycx7txGtVmQy1', 12, '2025-02-14 17:19:04', '2025-02-14 11:34:04', '2025-02-14 11:34:04'),
	(847, 'c7Mds0vex_UozYmMMNZsEAjo-UWFSu1Q', 12, '2025-02-14 17:19:44', '2025-02-14 11:34:44', '2025-02-14 11:34:44'),
	(848, 'keH85GoJRMRMN7WVkyXEvbbhjfYROVsc', 12, '2025-02-14 17:21:13', '2025-02-14 11:36:13', '2025-02-14 11:36:13'),
	(849, 'KP4phN7Vpsu2bqvoHIO-FWstY852M2kO', 12, '2025-02-14 17:46:30', '2025-02-14 12:01:30', '2025-02-14 12:01:30'),
	(850, 'nBf4SBSuw9VzqsLMp3bvpnXW7D_RGbPM', 12, '2025-02-14 17:50:21', '2025-02-14 12:05:21', '2025-02-14 12:05:21'),
	(851, 'wZipfKKSxvcpLaRPM-7HGzkFDp-OOx6l', 12, '2025-02-14 18:26:02', '2025-02-14 12:41:02', '2025-02-14 12:41:02'),
	(852, 'MMqGF8fi5DbaPJP-bO5BXAaGHItkjOgK', 12, '2025-02-14 18:34:13', '2025-02-14 12:49:13', '2025-02-14 12:49:13'),
	(853, '29_eKmiuP84zxGCs3lGb177xmVen7Ea4', 12, '2025-02-14 18:45:59', '2025-02-14 13:00:59', '2025-02-14 13:00:59'),
	(854, 'SeMyTSNbRZi4XWR4K31i3Jl-Vf5Ih7Wf', 12, '2025-02-15 11:33:01', '2025-02-15 05:48:01', '2025-02-15 05:48:01'),
	(855, 'o1vnYywIb_ryDyorjcq9d2zqrituGrbq', 12, '2025-02-15 12:23:47', '2025-02-15 06:38:47', '2025-02-15 06:38:47'),
	(856, 'vFHMdfcDBC4itoX0_GAl1tSwCy7Lc08k', 12, '2025-02-15 12:24:51', '2025-02-15 06:39:52', '2025-02-15 06:39:52'),
	(857, '5LGVWzwCLougGITv3Xdy9VQQNyiQN_Bo', 12, '2025-02-15 12:55:40', '2025-02-15 07:10:40', '2025-02-15 07:10:40'),
	(858, '20YqmqcDlBc2TbhADh0HEjOb5LIyim4_', 12, '2025-02-15 13:41:52', '2025-02-15 07:56:52', '2025-02-15 07:56:52'),
	(859, '8HrI7AyW1WOwwod0AyaEdEV9CiI6R8xL', 12, '2025-02-15 14:26:25', '2025-02-15 08:41:25', '2025-02-15 08:41:25'),
	(860, 'YTfROWQORRMyNJLxlGff6hO53Bh78642', 12, '2025-02-15 16:03:04', '2025-02-15 10:18:04', '2025-02-15 10:18:04'),
	(861, 'V6t7zZMOCbLXB1KbHegwpS_brBNfKrNh', 12, '2025-02-15 16:13:51', '2025-02-15 10:28:51', '2025-02-15 10:28:51'),
	(862, 'F6DI2784GokgXde_86qU1I5hTB_eTHVD', 12, '2025-02-15 16:22:51', '2025-02-15 10:37:51', '2025-02-15 10:37:51'),
	(863, 'zCe-WytiU_LXnY_dAbBn_68_-wvXccUS', 12, '2025-02-15 16:49:39', '2025-02-15 11:04:39', '2025-02-15 11:04:39'),
	(864, '1Z7MfXBOqhzcS1VNCHZ2pTLCpkjKoGt_', 12, '2025-02-15 17:03:31', '2025-02-15 11:18:31', '2025-02-15 11:18:31'),
	(865, 'mSdivjHPZb227sKbcbpasTYHl6cJo33B', 12, '2025-02-15 17:46:03', '2025-02-15 12:01:03', '2025-02-15 12:01:03'),
	(866, '_ckWZlNt52eRWPpg5Gcp-iig9Ykg5nAs', 12, '2025-02-15 18:08:13', '2025-02-15 12:23:13', '2025-02-15 12:23:13'),
	(867, 'CX9NMPdWa8U7p5d-8wjSNqe97C5Nx8uq', 12, '2025-02-15 18:53:57', '2025-02-15 13:08:57', '2025-02-15 13:08:57'),
	(868, 'TswF9ybrL2N9Y10MWzM6i0fXWWFOxwG9', 12, '2025-02-15 18:55:00', '2025-02-15 13:10:00', '2025-02-15 13:10:00'),
	(869, 'WBl6a-mcDRjxxzN1Se9T2lX72c9FjVFd', 12, '2025-02-15 19:10:13', '2025-02-15 13:25:13', '2025-02-15 13:25:13'),
	(870, 'IITQgOzyrGLdiAiJCKs-0qf0NthXyzl5', 12, '2025-02-15 19:11:38', '2025-02-15 13:26:38', '2025-02-15 13:26:38'),
	(871, 'pbmhrhnefxzz6CilYZCkePaZJWO8M9M9', 12, '2025-02-17 11:07:58', '2025-02-17 05:22:58', '2025-02-17 05:22:58'),
	(872, 'X9wwjAC9f4XnVSwJuwQ2J0P-dpO0PY6s', 12, '2025-02-17 11:30:22', '2025-02-17 05:45:22', '2025-02-17 05:45:22'),
	(873, 'L9mM8u-P1yz5Nt64gL1iDKpq-vtpT66D', 12, '2025-02-17 13:00:38', '2025-02-17 07:15:38', '2025-02-17 07:15:38'),
	(874, 'Wwv44cUf1ge7_Cc-ijkOF8zDw82u5zKN', 12, '2025-02-17 13:31:18', '2025-02-17 07:46:19', '2025-02-17 07:46:19'),
	(875, 'bXhrJBKXpWXp8kXAwO2pFDEzB7FWb0qL', 12, '2025-02-17 13:49:00', '2025-02-17 08:04:00', '2025-02-17 08:04:00'),
	(876, 'je2CgB4dv6FHJkOmJH-N6VNUsic5-rGQ', 12, '2025-02-17 14:07:35', '2025-02-17 08:22:35', '2025-02-17 08:22:35'),
	(877, 'AsKOXlrm0YBsUwCkZqZTK9mh4NEEKN-Y', 12, '2025-02-17 15:08:19', '2025-02-17 09:23:19', '2025-02-17 09:23:19'),
	(878, '3ChnPCpGDUBzI50VXmVagUEd8z_oCRZZ', 12, '2025-02-17 15:42:49', '2025-02-17 09:57:49', '2025-02-17 09:57:49'),
	(879, 'vgE65xcT_pocGh6-AVC2fHB36IHJcwb3', 12, '2025-02-17 16:33:30', '2025-02-17 10:48:30', '2025-02-17 10:48:30'),
	(880, 'bJtGLReus0OSnp6eP2cvPdPbuGUiXzE2', 12, '2025-02-17 17:31:51', '2025-02-17 11:46:51', '2025-02-17 11:46:51'),
	(881, 'NlnGr6gRuxijhKaEBVmJIuxZn6jHUwny', 12, '2025-02-17 18:11:09', '2025-02-17 12:26:09', '2025-02-17 12:26:09'),
	(882, 't1UZ95YAwb3judF4H7FdXQOykicyYqkU', 12, '2025-02-17 18:49:52', '2025-02-17 13:04:52', '2025-02-17 13:04:52'),
	(883, 'Trjo3iuV47zcwnGXXLlc0wKvE_9ZaJbS', 12, '2025-02-17 18:54:44', '2025-02-17 13:09:44', '2025-02-17 13:09:44'),
	(884, '2kvcJX7K3ZhgAaQhY2InbafpeEDXFtTz', 12, '2025-02-17 19:12:03', '2025-02-17 13:27:03', '2025-02-17 13:27:03'),
	(885, 'Tn4vJJsvyYotc284yCtsO57p_WYzdd9T', 12, '2025-02-17 19:17:13', '2025-02-17 13:32:13', '2025-02-17 13:32:13'),
	(886, 'dDUdcB9Zvl2_9PLZH2eUkkb3KnRwf5m4', 12, '2025-02-18 10:30:45', '2025-02-18 04:45:46', '2025-02-18 04:45:46'),
	(887, 'GI5QN0USpPqc4zs4tn9rtiEW6AAjzxDP', 12, '2025-02-18 11:01:34', '2025-02-18 05:16:34', '2025-02-18 05:16:34'),
	(888, '5ZHaycLZ4swWR9EolEbvGimhm9KEnRoT', 12, '2025-02-18 11:10:13', '2025-02-18 05:25:14', '2025-02-18 05:25:14'),
	(889, 'CkFaHu5ZYcYz46GB-qCcaBqj1hKYe_U1', 12, '2025-02-18 11:40:24', '2025-02-18 05:55:24', '2025-02-18 05:55:24'),
	(890, 'THORzgK91PXNGlWR7iSsY9pQVwL6hL3v', 12, '2025-02-18 12:07:11', '2025-02-18 06:22:11', '2025-02-18 06:22:11'),
	(891, 'v1tHhmwxfB9ewMhQw3-762abHB76mPkv', 12, '2025-02-18 12:36:09', '2025-02-18 06:51:09', '2025-02-18 06:51:09'),
	(892, 'Q9xIhzvw31iiodwT2VN7aMNnxLcNkI6_', 12, '2025-02-18 12:37:30', '2025-02-18 06:52:30', '2025-02-18 06:52:30'),
	(893, '-oR6flVhKUKQ1PHhWl3Rz6TjNui5VqWN', 12, '2025-02-18 12:49:44', '2025-02-18 07:04:44', '2025-02-18 07:04:44'),
	(894, 'DutYetl1SwzY7yo-5YXRr8XVxO8ebb_R', 12, '2025-02-18 13:01:54', '2025-02-18 07:16:54', '2025-02-18 07:16:54'),
	(895, 'ab8NNuqi8JXLUUV-LpQLPxq6j2P7bDmQ', 12, '2025-02-18 13:15:17', '2025-02-18 07:30:17', '2025-02-18 07:30:17'),
	(896, 'zaWsU1iOdjrGCpExCQPfkT7GE2oGLD_u', 12, '2025-02-18 13:53:24', '2025-02-18 08:08:24', '2025-02-18 08:08:24'),
	(897, 'MpGBHqWD9yHGRfelQBD_1GyXOMFgV6tw', 12, '2025-02-18 14:34:55', '2025-02-18 08:49:55', '2025-02-18 08:49:55'),
	(898, 'JxpS6Ffd31hX3CXNbdCC8oQAQ2AWzVIQ', 12, '2025-02-18 15:26:15', '2025-02-18 09:41:15', '2025-02-18 09:41:15'),
	(899, 'tBXjA7J3M0ngz8-avgEwFyqEayctUiSH', 12, '2025-02-18 16:13:34', '2025-02-18 10:28:34', '2025-02-18 10:28:34'),
	(900, 'otidGVgxLzqNBL3cOlES2LIc-E44oHMU', 12, '2025-02-18 16:13:57', '2025-02-18 10:28:57', '2025-02-18 10:28:57'),
	(901, 'r4wvz2wZw_W8VrXUa7yiFvuEi4cKCivu', 12, '2025-02-18 16:37:29', '2025-02-18 10:52:30', '2025-02-18 10:52:30'),
	(902, 'Uqy5E94nU4sU7PQw1NAAuzPbf0Wi73-f', 12, '2025-02-18 16:54:09', '2025-02-18 11:09:09', '2025-02-18 11:09:09'),
	(903, 'rH0snbRAl_CreGy_0eHQ1LOE4-ksiNMc', 12, '2025-02-18 16:58:09', '2025-02-18 11:13:09', '2025-02-18 11:13:09'),
	(904, 'zbgaXr2ypomTTuzm3Pr069U7t43Pjes8', 12, '2025-02-18 17:28:08', '2025-02-18 11:43:08', '2025-02-18 11:43:08'),
	(905, 'nHLzxBiSQwqyc_rhM2DHem4MJQgB82gF', 12, '2025-02-18 17:29:39', '2025-02-18 11:44:39', '2025-02-18 11:44:39'),
	(906, 'ohwCwVYGvQjKrVEGlWmQc4YWeX9kLAaq', 12, '2025-02-18 17:32:54', '2025-02-18 11:47:54', '2025-02-18 11:47:54'),
	(907, 'qRQ9AISs7VUYCg1lhJZfM1txceGoOJVa', 12, '2025-02-18 17:52:17', '2025-02-18 12:07:17', '2025-02-18 12:07:17'),
	(908, '3-po8RvplJMuLgyNf3ZNWMiNS0DW7frr', 12, '2025-02-18 18:15:11', '2025-02-18 12:30:11', '2025-02-18 12:30:11'),
	(909, 'xUio2pykQZKv3qDFzbpg-rsPbNlyGwnA', 12, '2025-02-18 18:34:41', '2025-02-18 12:49:42', '2025-02-18 12:49:42'),
	(910, 'c16av58AD-m3RxWz6bm28B4zWJDpiPfK', 12, '2025-02-18 18:46:34', '2025-02-18 13:01:34', '2025-02-18 13:01:34'),
	(911, 'd-ZKFTY9sEGYSHq11Wrhq0uk6QIeNu5T', 12, '2025-02-19 10:37:31', '2025-02-19 04:52:31', '2025-02-19 04:52:31'),
	(912, 'qEuolz3hezeEmitTdNwC-JxEeIE26RGv', 12, '2025-02-19 12:16:22', '2025-02-19 06:31:22', '2025-02-19 06:31:22'),
	(913, 'P9UAj2RQkaHwQ7SVeBusojoEfJYv3pMr', 12, '2025-02-19 12:47:45', '2025-02-19 07:02:45', '2025-02-19 07:02:45'),
	(914, '6LRxFFTAGzVNOY44VjvVlnB0M2BYRue8', 12, '2025-02-19 12:57:40', '2025-02-19 07:12:41', '2025-02-19 07:12:41'),
	(915, '4qGo6cMNFA1-YopO7t0r8WjjDxZsWol7', 12, '2025-02-19 13:39:00', '2025-02-19 07:54:00', '2025-02-19 07:54:00'),
	(916, 'j66XdZzbAZHk0lmB9fp8ZKLrAIgys1ew', 12, '2025-02-19 14:52:55', '2025-02-19 09:07:55', '2025-02-19 09:07:55'),
	(917, 'M3-As0nhD-vJLaijEOzVBiiCG0A1l8bD', 12, '2025-02-19 15:28:49', '2025-02-19 09:43:49', '2025-02-19 09:43:49'),
	(918, 'b6TlgkdIcwMDsrRK-c6ux5TFQB-0R6b2', 12, '2025-02-19 15:30:39', '2025-02-19 09:45:39', '2025-02-19 09:45:39'),
	(919, 'PYKjE7B7TRZYOwvn7ya6-HEaIZ016A6W', 12, '2025-02-19 16:06:24', '2025-02-19 10:21:24', '2025-02-19 10:21:24'),
	(920, 'NxTejlS9vB5PUHANWlHKWfbQDtqZ8JD8', 12, '2025-02-19 16:52:59', '2025-02-19 11:07:59', '2025-02-19 11:07:59'),
	(921, 'dKojn3ax5ERbmzawrzhYl8cDjFd5Uvxq', 12, '2025-02-19 17:00:06', '2025-02-19 11:15:06', '2025-02-19 11:15:06'),
	(922, 'fAH78v-C0tKt-fOWo1mp2Krwya3hMau1', 12, '2025-02-19 17:33:56', '2025-02-19 11:48:56', '2025-02-19 11:48:56'),
	(923, '09yHTRs4ybw8DF5lLdBeS34praR8aGmO', 12, '2025-02-19 17:58:45', '2025-02-19 12:13:46', '2025-02-19 12:13:46'),
	(924, 'R4kdF2nqtxziUFDNk7c9SWeIKM7cz6jO', 12, '2025-02-19 18:00:32', '2025-02-19 12:15:33', '2025-02-19 12:15:33'),
	(925, 'Rh1zsY-WlFsx805PNRZbUCkPuuQpkPOC', 12, '2025-02-19 18:27:44', '2025-02-19 12:42:45', '2025-02-19 12:42:45'),
	(926, '9xK8JPg-fnIls2LMJmwjGSkFzJtL7LlZ', 12, '2025-02-19 18:29:13', '2025-02-19 12:44:13', '2025-02-19 12:44:13'),
	(927, '8ek3P1nU9oZ3buRMG_5Lxv-TVkWfKHcS', 12, '2025-02-19 18:35:17', '2025-02-19 12:50:17', '2025-02-19 12:50:17'),
	(928, 'uH3KjJNVJMMP_9lklsa7kK5N5irpAZD7', 12, '2025-02-19 18:49:36', '2025-02-19 13:04:36', '2025-02-19 13:04:36'),
	(929, 'hSNGrbVf6zWJ-l-450byhp1co1HNflKU', 12, '2025-02-20 11:58:29', '2025-02-20 06:13:29', '2025-02-20 06:13:29'),
	(930, 't_XHQ55ZTfLMc0g2oKEWs3D074qo3Zkq', 12, '2025-02-20 12:47:17', '2025-02-20 07:02:17', '2025-02-20 07:02:17'),
	(931, 'z0--I0YYcFQkUrcuXuvx23uYce5SGYhK', 12, '2025-02-20 13:38:57', '2025-02-20 07:53:58', '2025-02-20 07:53:58'),
	(932, 'NxAfHLHtMQmQcqZqizcsjojkQ7YHTJeg', 12, '2025-02-20 14:13:18', '2025-02-20 08:28:18', '2025-02-20 08:28:18'),
	(933, 'wThWwG95_TFKWlcPKRGjwGieVxPVS1K3', 12, '2025-02-20 15:16:15', '2025-02-20 09:31:15', '2025-02-20 09:31:15'),
	(934, 'O3uQXI_GwAfLChZd23iLW12JZNQA03UB', 12, '2025-02-20 15:16:57', '2025-02-20 09:31:57', '2025-02-20 09:31:57'),
	(935, '5VgW20il0Mm2MpXKnHBajCLiAX-gqfWv', 12, '2025-02-20 15:20:36', '2025-02-20 09:35:36', '2025-02-20 09:35:36'),
	(936, 'OKL4yHm9W2ByJLkA3DWPBgEwv6hZiboY', 12, '2025-02-20 15:21:57', '2025-02-20 09:36:57', '2025-02-20 09:36:57'),
	(937, 'OefbtWx2ImEco7zrVs-EBtBoJe9UReig', 12, '2025-02-20 15:24:41', '2025-02-20 09:39:41', '2025-02-20 09:39:41'),
	(938, 'gaYwaLH4jfKXgleocww6wDrJ4Zly85s8', 12, '2025-02-20 15:27:58', '2025-02-20 09:42:58', '2025-02-20 09:42:58'),
	(939, 'GZcidWYCj_WGfd-oK0AUqE36xKfBwXnS', 12, '2025-02-20 16:07:25', '2025-02-20 10:22:25', '2025-02-20 10:22:25'),
	(940, 'XbhAC_gPXv5dYvfox4ihMzLDpXN6OMw2', 12, '2025-02-20 17:22:16', '2025-02-20 11:37:16', '2025-02-20 11:37:16'),
	(941, 'm3kPlnHbpIsNp0VRTgOC1-i06xG0lshJ', 12, '2025-02-20 17:22:53', '2025-02-20 11:37:54', '2025-02-20 11:37:54'),
	(942, 'n9ur2mxYUEtHyvdHplvIgHlM2p_0BW1P', 12, '2025-02-20 17:52:38', '2025-02-20 12:07:38', '2025-02-20 12:07:38'),
	(943, 'PaVTCA_XeuTAvQoJfyHO1n23ewuM71Lr', 12, '2025-02-20 17:52:38', '2025-02-20 12:07:38', '2025-02-20 12:07:38'),
	(944, '0WUu_k1WpmgyAsdYV_zbICRPn6NTDnQ8', 12, '2025-02-20 18:08:31', '2025-02-20 12:23:31', '2025-02-20 12:23:31'),
	(945, 'vgHmoHMYqGn2SfBF1nCuiqojIYuMWGLm', 12, '2025-02-20 18:09:05', '2025-02-20 12:24:05', '2025-02-20 12:24:05'),
	(946, 'OO5O6cVppr27sdCp5eALmMbwgNWaxnyN', 12, '2025-02-20 18:10:04', '2025-02-20 12:25:04', '2025-02-20 12:25:04'),
	(947, 'pA9BdidGnS7Wcgc-VwOzOewolcYbDKBN', 12, '2025-02-20 18:10:14', '2025-02-20 12:25:14', '2025-02-20 12:25:14'),
	(948, 'DzbC-DBmtDE2yIBs94ys2bO3Fw6-ODCb', 12, '2025-02-20 18:13:24', '2025-02-20 12:28:24', '2025-02-20 12:28:24'),
	(949, 'CBhfUcwVaNN8oIaTipsXtLR7Jh0-p_NK', 12, '2025-02-20 18:15:23', '2025-02-20 12:30:23', '2025-02-20 12:30:23'),
	(950, '6iMMcWl7lgj2gkRRN_PYv4Wvg27Gx2Yo', 12, '2025-02-20 19:08:24', '2025-02-20 13:23:24', '2025-02-20 13:23:24'),
	(951, '0Zx1xS-qE502v6rjC7Ci4KQowBIKBaoL', 12, '2025-02-20 19:11:40', '2025-02-20 13:26:40', '2025-02-20 13:26:40'),
	(952, 'mo22fungeGHxwmDvWcRs3CJM_0Crhi3D', 12, '2025-02-21 10:27:32', '2025-02-21 04:42:32', '2025-02-21 04:42:32'),
	(953, 'GjesI-OiF47kwlSRTZxZAYNiOs4QsyTO', 12, '2025-02-21 10:32:26', '2025-02-21 04:47:26', '2025-02-21 04:47:26'),
	(954, 'HBG7Q60G3V-ow0VJ3QLDsXbdc3bwgAMF', 12, '2025-02-21 11:45:09', '2025-02-21 06:00:09', '2025-02-21 06:00:09'),
	(955, 'l0c3rPTzu--u7SMAlyQ6QVF_coDDavHr', 12, '2025-02-21 12:19:04', '2025-02-21 06:34:04', '2025-02-21 06:34:04'),
	(956, 'CtYuwv1B3ga_FqL6b4MJkqTdCnPNX10z', 12, '2025-02-21 13:58:23', '2025-02-21 08:13:23', '2025-02-21 08:13:23'),
	(957, 'rGLhzYoeGV9pA6ZMhJ6242hRZAMY1o3N', 12, '2025-02-21 13:59:12', '2025-02-21 08:14:12', '2025-02-21 08:14:12'),
	(958, '0-zP33ZJLOkduEWjvv_y85xUV9rnPbaE', 12, '2025-02-21 14:52:34', '2025-02-21 09:07:34', '2025-02-21 09:07:34'),
	(959, 'ZOlWKtLLiiNFMz-ivN7ZFl891roq2qRa', 12, '2025-02-21 16:16:12', '2025-02-21 10:31:12', '2025-02-21 10:31:12'),
	(960, 'eJ81cMG84VLcdGt-O70f5jikhWxDXIUS', 12, '2025-02-21 16:25:54', '2025-02-21 10:40:54', '2025-02-21 10:40:54'),
	(961, 'Iu1YTNKuyhyMmjZFJ3v3i9z8AzTaJBq7', 12, '2025-02-21 17:18:27', '2025-02-21 11:33:27', '2025-02-21 11:33:27'),
	(962, '_0g58NIgnOmYiD5Bfnyr8D6X2rgdKgKK', 12, '2025-02-21 17:19:38', '2025-02-21 11:34:38', '2025-02-21 11:34:38'),
	(963, 'EI0rD1V6sQ_2DhTJ8v7MbV1a8wXbrVYt', 12, '2025-02-21 18:02:18', '2025-02-21 12:17:18', '2025-02-21 12:17:18'),
	(964, 'rF7J9iJutM86GGYXrBF9xG9W09aPAXWq', 12, '2025-02-22 10:48:53', '2025-02-22 05:03:53', '2025-02-22 05:03:53'),
	(965, 'U-JzSWxrQjvhggi08fTp-3rAbrd-GhW3', 12, '2025-02-22 10:51:51', '2025-02-22 05:06:51', '2025-02-22 05:06:51'),
	(966, '-RNhR6yzvIEQEI8D1TqB1QsxJFtNR12b', 12, '2025-02-22 13:59:49', '2025-02-22 08:14:49', '2025-02-22 08:14:49'),
	(967, 'gTp-m7q3jRBmpGuBw_ERkFKXRyWwgw4Z', 12, '2025-02-22 15:17:03', '2025-02-22 09:32:03', '2025-02-22 09:32:03'),
	(968, 'g15qKy7bJ6sHJ01BC0MTI51R5_ZTtWeZ', 12, '2025-02-22 15:17:16', '2025-02-22 09:32:16', '2025-02-22 09:32:16'),
	(969, 'p_rh6kkxyoPxXKO4YRhYgKP1q5HLnU7_', 12, '2025-02-22 15:29:44', '2025-02-22 09:44:44', '2025-02-22 09:44:44'),
	(970, '5OX_cpZ1YYGXlxbd3YbvlaH5zU4JH4gI', 12, '2025-02-22 15:41:04', '2025-02-22 09:56:05', '2025-02-22 09:56:05'),
	(971, 'glaPH0ft4t18jYS22dQSmWkGESWcTfuy', 12, '2025-02-22 15:55:41', '2025-02-22 10:10:41', '2025-02-22 10:10:41'),
	(972, 'O8cD29ygwoqZWRKlBNZYrDDQT7o2nb1e', 12, '2025-02-22 15:56:03', '2025-02-22 10:11:03', '2025-02-22 10:11:03'),
	(973, 'cAmeOcvopEn9YarVMPMp5yJyyIeFLb97', 12, '2025-02-22 15:56:57', '2025-02-22 10:11:57', '2025-02-22 10:11:57'),
	(974, 'gXUHzbwQ11wqDpJHOzQlJxLdfkk2TIp6', 12, '2025-02-22 16:11:21', '2025-02-22 10:26:21', '2025-02-22 10:26:21'),
	(975, '-Lz4ymq_cOqgnqc3-HXaXvJC5lnr9iaQ', 12, '2025-02-22 16:28:53', '2025-02-22 10:43:53', '2025-02-22 10:43:53'),
	(976, 'JcGOm0OY7s66RaBym8dvKATyXe6n9h2E', 12, '2025-02-22 16:36:50', '2025-02-22 10:51:50', '2025-02-22 10:51:50'),
	(977, 'JTr7VXQ_W5TE6RTV8ANModJayywHMWMS', 12, '2025-02-22 16:58:38', '2025-02-22 11:13:38', '2025-02-22 11:13:38'),
	(978, 'eP_ZYippwSLba8UpAVb7VSbzwwrk-BiY', 12, '2025-02-22 17:00:47', '2025-02-22 11:15:47', '2025-02-22 11:15:47'),
	(979, 'notKnX1Zk__KSlQjTa3uvecFaXTa9oPG', 12, '2025-02-22 17:28:15', '2025-02-22 11:43:15', '2025-02-22 11:43:15'),
	(980, 'Z_rYS8Gq_UBIfKcesL0P4gL3CABZkkbh', 12, '2025-02-22 17:47:07', '2025-02-22 12:02:07', '2025-02-22 12:02:07'),
	(981, 'dzpIpPW76BGiGkCh8c98NN-3u-YavRi4', 12, '2025-02-22 17:49:29', '2025-02-22 12:04:29', '2025-02-22 12:04:29'),
	(982, 'mOH00mV82mzsXilWImm6E9OBTBuhhuII', 12, '2025-02-22 18:01:25', '2025-02-22 12:16:25', '2025-02-22 12:16:25'),
	(983, '83fwOQSImJg4_-ro3OGV1dvFQDdcU0Tc', 12, '2025-02-24 11:07:24', '2025-02-24 05:22:24', '2025-02-24 05:22:24'),
	(984, 'fbApSYFXSR_3lm7f0tn8x__RZbaJFj_E', 12, '2025-02-24 11:42:24', '2025-02-24 05:57:24', '2025-02-24 05:57:24'),
	(985, 'OkDD6aWYUnTcT9x_HVlXXV2cc_Zm8bTR', 12, '2025-02-24 11:58:56', '2025-02-24 06:13:56', '2025-02-24 06:13:56'),
	(986, '7osgLwUIbmcWTRuH72igNYk0xZgJpdin', 12, '2025-02-24 11:59:35', '2025-02-24 06:14:35', '2025-02-24 06:14:35'),
	(987, 'eZlIL6kmrZMqgNAWDBiuDGXeIwyM1Dgm', 12, '2025-02-24 12:12:17', '2025-02-24 06:27:17', '2025-02-24 06:27:17'),
	(988, 'z2qgxmqK4Pge5FcJezzmXt8S8vzoS4dz', 12, '2025-02-24 13:29:46', '2025-02-24 07:44:46', '2025-02-24 07:44:46'),
	(989, 'mIK0Tp0NIa7n9IkY4DCPcZW6eG2x9EeP', 12, '2025-02-24 15:23:28', '2025-02-24 09:38:28', '2025-02-24 09:38:28'),
	(990, 'qnof7CEfIZkoNOBW9wA9CZxzBvBn85Q8', 12, '2025-02-24 15:25:35', '2025-02-24 09:40:35', '2025-02-24 09:40:35'),
	(991, 'iVcJQIpgcmUfsVNYL-vdkR9A3YG-vNMn', 14, '2025-02-24 15:42:49', '2025-02-24 09:57:49', '2025-02-24 09:57:49'),
	(992, 'zGt_dKHcBXpfbLr726o-FlZN5RP0kfO0', 15, '2025-02-24 16:07:53', '2025-02-24 10:22:53', '2025-02-24 10:22:53'),
	(993, '4BB8z77AsjV3OFiVQK-QmnZsDkr9xDid', 12, '2025-02-24 16:21:55', '2025-02-24 10:36:55', '2025-02-24 10:36:55'),
	(994, 'ARn8hGS9FCT2CMgyMUQjj4zCTFEciD3e', 12, '2025-02-24 16:27:54', '2025-02-24 10:42:55', '2025-02-24 10:42:55'),
	(995, 'mY2jYWeWOlt6c5VtEb2cvhFdHPsg4-mx', 12, '2025-02-24 17:04:18', '2025-02-24 11:19:18', '2025-02-24 11:19:18'),
	(996, '2e56FgXAWFwiAKRJYMIFMSOoWpCEYZXL', 12, '2025-02-24 17:23:37', '2025-02-24 11:38:37', '2025-02-24 11:38:37'),
	(997, 'd-ls5bowOoVE4f-Zoi1xBTRotmK9lbPt', 12, '2025-02-24 17:28:41', '2025-02-24 11:43:41', '2025-02-24 11:43:41'),
	(998, '8xLwDWl0d6fc4ykVGQffIbR971wMQx3p', 12, '2025-02-24 17:30:22', '2025-02-24 11:45:23', '2025-02-24 11:45:23'),
	(999, 'mCpinrth6lWtwh9ZD2fmdZQZmShoYVyM', 12, '2025-02-24 17:34:11', '2025-02-24 11:49:11', '2025-02-24 11:49:11'),
	(1000, 'KGWYP1NYa181W7yYnqSTIfpnklklMl8s', 12, '2025-02-24 17:39:56', '2025-02-24 11:54:56', '2025-02-24 11:54:56'),
	(1001, 'ioXNGLXjEaoTdu9TI1lfF2zkIfMsg40M', 12, '2025-02-24 17:45:22', '2025-02-24 12:00:22', '2025-02-24 12:00:22'),
	(1002, 'aFDI4_qCYdb8UjeJDGJyPVsxf6Z1tgbN', 12, '2025-02-24 17:54:14', '2025-02-24 12:09:14', '2025-02-24 12:09:14'),
	(1003, 'WiOqE6qN_nhfC0vBVPqj3ciHSMPRjRK0', 12, '2025-02-24 18:05:47', '2025-02-24 12:20:47', '2025-02-24 12:20:47'),
	(1004, 'Kxdh6vkY9nmbZt3GSuuVNH5Rk9gVKVuN', 12, '2025-02-24 18:42:05', '2025-02-24 12:57:05', '2025-02-24 12:57:05'),
	(1005, 'OaVKN_SwJfsJdMTqIlgWWmDeU4iTZg4Y', 12, '2025-02-25 11:38:31', '2025-02-25 05:53:31', '2025-02-25 05:53:31'),
	(1006, 'cocZoKXYlZvF7f52-kvFeTCtxDlrLWNI', 12, '2025-02-25 12:58:57', '2025-02-25 07:13:57', '2025-02-25 07:13:57'),
	(1007, '41DPUq7FV5HqWh4amiZlcWFBmAXHgHqy', 12, '2025-02-25 13:01:11', '2025-02-25 07:16:11', '2025-02-25 07:16:11'),
	(1008, 'potY6CvSEoW7G_Cr2KcttgGwnufcg2ED', 12, '2025-02-25 15:21:30', '2025-02-25 09:36:30', '2025-02-25 09:36:30'),
	(1009, 'HtU3M7WPG17hXotGR-zT7jZuAW2EH1Q5', 12, '2025-02-25 15:33:57', '2025-02-25 09:48:57', '2025-02-25 09:48:57'),
	(1010, 'MKwYrT-05eoN2m5dYngJhLFG6K4njpgU', 12, '2025-02-25 15:37:36', '2025-02-25 09:52:36', '2025-02-25 09:52:36'),
	(1011, 'yGlj7mUL6pgd_JicGuQH6gAIasXLjBGD', 12, '2025-02-25 16:28:47', '2025-02-25 10:43:47', '2025-02-25 10:43:47'),
	(1012, '8rykTT-tlQF9wPAbquXPBZvAjN801tdD', 12, '2025-02-25 16:53:08', '2025-02-25 11:08:08', '2025-02-25 11:08:08'),
	(1013, 'J5rOdlu6sIcwfwwhaHGfWfQlBiyBv51t', 12, '2025-02-26 11:44:50', '2025-02-26 05:59:50', '2025-02-26 05:59:50'),
	(1014, 'qAl0QTn-Fjb9gsxyprRSKg54pE2WMdCU', 12, '2025-02-26 12:06:28', '2025-02-26 06:21:28', '2025-02-26 06:21:28'),
	(1015, 'wd724X7Ty3QHLvchDszUNgw4VPE97fbt', 12, '2025-02-26 12:42:34', '2025-02-26 06:57:34', '2025-02-26 06:57:34'),
	(1016, 'Dwe1dgUfeZrgig1CL2YXkQ2wThIoAohZ', 12, '2025-02-26 12:47:28', '2025-02-26 07:02:28', '2025-02-26 07:02:28'),
	(1017, 'LE3RXc5ld3XOtAxWlVeO0exr4UJWsuo2', 12, '2025-02-26 12:56:56', '2025-02-26 07:11:56', '2025-02-26 07:11:56'),
	(1018, 'g4iq4RPycRQ61OhR9d_6rNB7L5AhEyOc', 12, '2025-02-26 12:57:38', '2025-02-26 07:12:38', '2025-02-26 07:12:38'),
	(1019, 'bzhDtQHg3QgpNMD5FRWRNYdLjzv6u0tr', 12, '2025-02-26 12:57:42', '2025-02-26 07:12:42', '2025-02-26 07:12:42'),
	(1020, 't7fWB7rBD_zzd2co6dC1487tKlIukW-I', 12, '2025-02-26 13:11:31', '2025-02-26 07:26:31', '2025-02-26 07:26:31'),
	(1021, 'l7LxoStHCkLUG5L4Jf7FhCwkeimBmHfD', 12, '2025-02-26 13:53:01', '2025-02-26 08:08:01', '2025-02-26 08:08:01'),
	(1022, 'WmjmQg3Sd-xKVxJzwBfoysfkmMSuQVOK', 12, '2025-02-26 15:34:48', '2025-02-26 09:49:48', '2025-02-26 09:49:48'),
	(1023, 'KZveO-OuJz_UeyRi1ZksE21atUWqFi2T', 12, '2025-02-26 16:28:43', '2025-02-26 10:43:44', '2025-02-26 10:43:44'),
	(1024, '9pwjRYv3gbzcJuNP3QKKdxlKX0ErLgoa', 12, '2025-02-26 16:42:27', '2025-02-26 10:57:27', '2025-02-26 10:57:27'),
	(1025, 'g37Z0lgfmlw79ua9QO9JOZcINXFbZFFC', 12, '2025-02-26 16:45:55', '2025-02-26 11:00:55', '2025-02-26 11:00:55'),
	(1026, 'ltMuo3WvLMZceJQERod2vLcyDrSrwbD9', 12, '2025-02-26 17:33:18', '2025-02-26 11:48:18', '2025-02-26 11:48:18'),
	(1027, 'OjAkFA5mRdbXJErXy5Pr7Dh3QIYgJyOS', 12, '2025-02-26 17:43:37', '2025-02-26 11:58:37', '2025-02-26 11:58:37'),
	(1028, '2RjC9DByBPOMRC6uhiZParxGJ7RwysLd', 12, '2025-02-26 17:48:40', '2025-02-26 12:03:40', '2025-02-26 12:03:40'),
	(1029, 'BunTSm0QLxFlf7Rr1MH97UjgSU4b0Bsc', 12, '2025-02-26 18:13:56', '2025-02-26 12:28:56', '2025-02-26 12:28:56'),
	(1030, 'XfXNoFUSVlv8YvS6fk9IO7W4QFb7g8Bp', 12, '2025-02-26 18:36:18', '2025-02-26 12:51:19', '2025-02-26 12:51:19'),
	(1031, 'nHKQTu7LRTmq4iBr3lm6AwFQwPntnGgF', 12, '2025-02-26 19:05:15', '2025-02-26 13:20:15', '2025-02-26 13:20:15'),
	(1032, 'ApTR7IVg_HvRHfqWf24B70mSS4C_8VNs', 12, '2025-02-26 19:23:34', '2025-02-26 13:38:35', '2025-02-26 13:38:35'),
	(1033, 'wdglm6UrDMDgbaEwVOdqrIjM16Mr3_YD', 12, '2025-02-26 19:37:33', '2025-02-26 13:52:33', '2025-02-26 13:52:33'),
	(1034, 'yC3Ug-Io6UDO04VCpaBFZUhqQC6C_-dQ', 12, '2025-02-26 19:43:39', '2025-02-26 13:58:39', '2025-02-26 13:58:39'),
	(1035, 'yUoUj1sVw8Ap2A3cFq6CzAKjAeVvXs_o', 12, '2025-02-27 10:57:51', '2025-02-27 05:12:51', '2025-02-27 05:12:51'),
	(1036, '6Vy_ds59a601BTRf982OmUs11w3LracR', 12, '2025-02-27 10:57:51', '2025-02-27 05:12:51', '2025-02-27 05:12:51'),
	(1037, 'h8g7ZNwKR-56jmtNpil-QtqFGGpKJlkT', 12, '2025-02-27 11:29:01', '2025-02-27 05:44:01', '2025-02-27 05:44:01'),
	(1038, 'gzpReTCqiy_pnd-gCWkXR8pObdhe3qqs', 12, '2025-02-27 12:13:07', '2025-02-27 06:28:07', '2025-02-27 06:28:07'),
	(1039, 'mpJnib_JYCH17LhN4aCqJInkkGd_33EU', 12, '2025-02-27 12:58:46', '2025-02-27 07:13:47', '2025-02-27 07:13:47'),
	(1040, 'F5836FXfroOuvJuDm-c1CzFWUh6IsdtN', 12, '2025-02-27 13:58:12', '2025-02-27 08:13:12', '2025-02-27 08:13:12'),
	(1041, 'DIr_KqazZFoBZZvrCCl96zh0495Ei8OF', 12, '2025-02-27 14:18:54', '2025-02-27 08:33:54', '2025-02-27 08:33:54'),
	(1042, 'JjOCZEkkU9kJ3aEyc6NLbMC1lHe7EWZ_', 12, '2025-02-27 15:24:58', '2025-02-27 09:39:59', '2025-02-27 09:39:59'),
	(1043, 'JcAq1KxeYOYVIqf2vBfzLtrfQ_ABfkWP', 12, '2025-02-27 15:30:46', '2025-02-27 09:45:47', '2025-02-27 09:45:47'),
	(1044, 'HC6gKePftFNu7ewZbvmd1MIKXDlgiao5', 12, '2025-02-27 15:33:55', '2025-02-27 09:48:55', '2025-02-27 09:48:55'),
	(1045, 'vCQ82PQN4V3zStxciuKB65SILM631q0g', 12, '2025-02-27 15:51:19', '2025-02-27 10:06:19', '2025-02-27 10:06:19'),
	(1046, 'ddKQTMFqazkgvICMo6bH5kAiDQgd9bm3', 12, '2025-02-27 16:44:35', '2025-02-27 10:59:35', '2025-02-27 10:59:35'),
	(1047, '1noJqIQ5A60V1dM4b-VMwC1AxPZjv8Rj', 12, '2025-02-27 17:22:19', '2025-02-27 11:37:19', '2025-02-27 11:37:19'),
	(1048, 'TO5ZvfCwRG0EIHQ0hVqtbhgGCKswZgnF', 12, '2025-02-27 17:49:30', '2025-02-27 12:04:30', '2025-02-27 12:04:30'),
	(1049, '1f38q7rTA0j17mbwWoxj7b8pqPM7CTlv', 12, '2025-02-27 18:07:33', '2025-02-27 12:22:33', '2025-02-27 12:22:33'),
	(1050, 'IwqotL3X6G4wPviIF75DaFKiI3lNvGpR', 12, '2025-02-27 18:19:35', '2025-02-27 12:34:36', '2025-02-27 12:34:36'),
	(1051, 'cguPHLUhLN5nHAfKEdYtOFh3MeWnnXuz', 12, '2025-02-27 18:35:02', '2025-02-27 12:50:02', '2025-02-27 12:50:02'),
	(1052, 'OJ6LqpNrsVi3R8iPD3U32F9rxZaSC3p9', 12, '2025-02-27 18:53:14', '2025-02-27 13:08:14', '2025-02-27 13:08:14'),
	(1053, 'AH_a0nYHGwJ8uFmFffRdlp1R18Tbn_pz', 12, '2025-02-27 19:06:03', '2025-02-27 13:21:03', '2025-02-27 13:21:03'),
	(1054, 'rIPgnKDABd93iHLgA7_WTT92av9Vy9kf', 12, '2025-02-27 19:06:07', '2025-02-27 13:21:07', '2025-02-27 13:21:07'),
	(1055, 'wPJOVfxMpWjmJd27Q5fzdtcaRHHEWfnm', 12, '2025-02-27 19:11:25', '2025-02-27 13:26:26', '2025-02-27 13:26:26'),
	(1056, 'wn5Vbhn-vst_ZWL1xnan3ZPzkyHLLD91', 12, '2025-02-27 19:13:54', '2025-02-27 13:28:54', '2025-02-27 13:28:54'),
	(1057, 'wmlBvce4OIgii8t2Ks9ryT7sC7XuxIWF', 12, '2025-02-28 11:40:15', '2025-02-28 05:55:15', '2025-02-28 05:55:15'),
	(1058, 'y_Da8pXusngsJOFihuBFGQ9B6qkkaVuS', 12, '2025-02-28 12:08:33', '2025-02-28 06:23:33', '2025-02-28 06:23:33'),
	(1059, '-JK-sIOVQA6_SaVZ2nCgqqmkhfqjOex7', 12, '2025-02-28 12:20:46', '2025-02-28 06:35:46', '2025-02-28 06:35:46'),
	(1060, 'Vqdxvyj8oHU8dS04hzGfQs8QqMmokCYS', 12, '2025-02-28 13:00:53', '2025-02-28 07:15:53', '2025-02-28 07:15:53'),
	(1061, '_WPaZwM4ZeTo_7ktil3WBuHDvyapHhmC', 12, '2025-02-28 13:17:17', '2025-02-28 07:32:17', '2025-02-28 07:32:17'),
	(1062, 'QuHzR4SlvynFC-_8OVn_Mp2Y-YnNDC3p', 12, '2025-02-28 14:15:02', '2025-02-28 08:30:02', '2025-02-28 08:30:02'),
	(1063, 'Nboh7JCZAXzomD_6NnfLgxG49n31DM7u', 12, '2025-02-28 14:41:29', '2025-02-28 08:56:29', '2025-02-28 08:56:29'),
	(1064, 'c17rx-TE3oG5Mdl1piCFO2iHpguOSYqH', 12, '2025-02-28 14:48:38', '2025-02-28 09:03:38', '2025-02-28 09:03:38'),
	(1065, 'VLx5Bjc2RfCBnec3lIEdhlp5q4NezDXr', 12, '2025-02-28 15:19:02', '2025-02-28 09:34:02', '2025-02-28 09:34:02'),
	(1066, 'OVnVnj9yWyl1Lfw_oTReE5nLMSsVUf56', 12, '2025-02-28 15:34:37', '2025-02-28 09:49:37', '2025-02-28 09:49:37'),
	(1067, 'jBtqK38gsBzq9DU7GViFLwJAg_tVvj9L', 12, '2025-02-28 15:42:34', '2025-02-28 09:57:34', '2025-02-28 09:57:34'),
	(1068, 'ooam97_3IKRhEu8GLy-ij5XBfOdM_QCf', 12, '2025-02-28 15:55:11', '2025-02-28 10:10:11', '2025-02-28 10:10:11'),
	(1069, 'HuEiDLilVLjaA1PEZwXr6UtD8mYm2POU', 12, '2025-02-28 16:32:32', '2025-02-28 10:47:33', '2025-02-28 10:47:33'),
	(1070, '8vjUKkzwiWE-qJLjkkFyGGX4tKXa6Rqv', 12, '2025-02-28 16:52:49', '2025-02-28 11:07:49', '2025-02-28 11:07:49'),
	(1071, 'Jwgzw7H5sU2PrNWWdxm_81Cvzdg7eays', 12, '2025-02-28 17:07:10', '2025-02-28 11:22:10', '2025-02-28 11:22:10'),
	(1072, 'yzM-38wzYxmL1QihtgzolFUQbivh28Ht', 12, '2025-02-28 17:08:52', '2025-02-28 11:23:52', '2025-02-28 11:23:52'),
	(1073, 's9enh-oJEFWLTaMBpI69s1HYRPS5L401', 12, '2025-02-28 17:10:27', '2025-02-28 11:25:27', '2025-02-28 11:25:27'),
	(1074, 'fUY7iwggDypDw23RQqp54XIrIOnj5n-_', 12, '2025-02-28 17:11:59', '2025-02-28 11:26:59', '2025-02-28 11:26:59'),
	(1075, 'aEIs2MZooNJMNI7UpjXQfGVoukBYCIIN', 12, '2025-02-28 17:14:05', '2025-02-28 11:29:05', '2025-02-28 11:29:05'),
	(1076, '8VoRFlagA2n4kcx4IZchdiRi_Y4GE178', 12, '2025-02-28 17:35:01', '2025-02-28 11:50:02', '2025-02-28 11:50:02'),
	(1077, 'NgGMgYXooMMXGx0We3qCKUn65ouUO24-', 12, '2025-02-28 17:35:31', '2025-02-28 11:50:31', '2025-02-28 11:50:31'),
	(1078, 'PCxfuka-f4vf2W54hdcXEXPBV_K-HIeD', 12, '2025-02-28 17:36:57', '2025-02-28 11:51:57', '2025-02-28 11:51:57'),
	(1079, 'Axf-egEz4uQeg3Iuo0ab-VPPQ0a7S-sL', 12, '2025-02-28 17:53:18', '2025-02-28 12:08:18', '2025-02-28 12:08:18'),
	(1080, 'I4McQqjkOA3WB1mz2p7fS757-g-cZA4p', 12, '2025-02-28 18:03:01', '2025-02-28 12:18:01', '2025-02-28 12:18:01'),
	(1081, 'LUgtFAn1NjqPRNQbiCG22Ft2nq2VOGyl', 12, '2025-02-28 18:12:19', '2025-02-28 12:27:19', '2025-02-28 12:27:19'),
	(1082, '862UTCFRb93CSVu4fa6AGv7zjhE5fyE0', 12, '2025-02-28 18:32:02', '2025-02-28 12:47:02', '2025-02-28 12:47:02'),
	(1083, 'VeKdkXHmfkkeEDeSU3PAXZcVZuRmRPlm', 12, '2025-02-28 18:35:54', '2025-02-28 12:50:54', '2025-02-28 12:50:54'),
	(1084, 'NhHzIsZ3vHkguvwIp8SqOewl932AAroI', 12, '2025-02-28 18:37:31', '2025-02-28 12:52:31', '2025-02-28 12:52:31'),
	(1085, '6UJqgblLxMJ80vmL1y9v2oMsR605lMSA', 12, '2025-02-28 18:38:24', '2025-02-28 12:53:24', '2025-02-28 12:53:24'),
	(1086, 'wPXbNw0uX8DynX9VSNHPfF8A4tbQnNR8', 12, '2025-02-28 19:18:11', '2025-02-28 13:33:11', '2025-02-28 13:33:11'),
	(1087, '2LBXdfPCmVS8UlkqfS2PpzobWMcDVleZ', 12, '2025-03-01 05:15:04', '2025-02-28 23:30:04', '2025-02-28 23:30:04'),
	(1088, 'RyWQT08QeBdYf7r2dQGnKQBGQ7cRkjEP', 12, '2025-03-01 11:03:38', '2025-03-01 05:18:39', '2025-03-01 05:18:39'),
	(1089, 'sxqdMSw4X81lbIqiaBmZLab9h5hJNBd6', 12, '2025-03-01 11:03:38', '2025-03-01 05:18:39', '2025-03-01 05:18:39'),
	(1090, 'nCLpbvKFHqVSATRneKNajb2lwLA4n5kn', 12, '2025-03-01 11:03:39', '2025-03-01 05:18:39', '2025-03-01 05:18:39'),
	(1091, 'u5pgyg9iBOa_l9iK-n_lQvEHNuhhJkee', 12, '2025-03-01 11:03:39', '2025-03-01 05:18:39', '2025-03-01 05:18:39'),
	(1092, 'tj7rzelLZdiAjDIGs4pJWlEZQSh92JU3', 12, '2025-03-01 11:03:40', '2025-03-01 05:18:40', '2025-03-01 05:18:40'),
	(1093, '7wRZ5gV8kGJgHsXpCMUNBF8Jd9qQjlls', 12, '2025-03-01 11:04:07', '2025-03-01 05:19:07', '2025-03-01 05:19:07'),
	(1094, '-JJQB4ZtbltUVQRE4-T4zWN2W0llGXWJ', 12, '2025-03-01 11:10:35', '2025-03-01 05:25:36', '2025-03-01 05:25:36'),
	(1095, 'GWGMt58SF8D7WvxoabnvNWXLxjvrffx3', 12, '2025-03-01 11:52:05', '2025-03-01 06:07:05', '2025-03-01 06:07:05'),
	(1096, '7djT7N8DIspRwdIIbHzSCo4gRc5kilXC', 12, '2025-03-01 12:33:43', '2025-03-01 06:48:43', '2025-03-01 06:48:43'),
	(1097, '4MELTrst7IOwOyj5qWciAFvIV3c_cQqf', 12, '2025-03-01 12:36:07', '2025-03-01 06:51:07', '2025-03-01 06:51:07'),
	(1098, '5CIM4jOgiN7PNqqR-6fAKFzR0iXme2kn', 12, '2025-03-01 12:40:44', '2025-03-01 06:55:44', '2025-03-01 06:55:44'),
	(1099, '9gcPNQMB2KRBlTEqZUWlf8X7P2Hjkr0X', 12, '2025-03-01 13:35:48', '2025-03-01 07:50:48', '2025-03-01 07:50:48'),
	(1100, '-cFCxK-2j3iUOnj_vofwtWTt7YHnK0_Z', 12, '2025-03-01 14:04:57', '2025-03-01 08:19:57', '2025-03-01 08:19:57'),
	(1101, 'v3Zx8PE7vXrZ5oOo2fC59vLCvBll3hFX', 12, '2025-03-01 14:15:30', '2025-03-01 08:30:30', '2025-03-01 08:30:30'),
	(1102, 'OY0U216LibqpOtBEmwBfALvOnSKDWHub', 12, '2025-03-01 14:21:52', '2025-03-01 08:36:52', '2025-03-01 08:36:52'),
	(1103, 'q14p4sgmaSqVkR4I6K0OPbJNUh7m9HuQ', 12, '2025-03-01 14:26:20', '2025-03-01 08:41:20', '2025-03-01 08:41:20'),
	(1104, 'OuIscDm_-OCpGNc6Z2bFSt5SpoBRr4Ze', 12, '2025-03-01 15:27:39', '2025-03-01 09:42:39', '2025-03-01 09:42:39'),
	(1105, 'Wlo4X9oQ0gGkLdGAPlj5MrmTP4nSm4To', 12, '2025-03-01 15:29:40', '2025-03-01 09:44:40', '2025-03-01 09:44:40'),
	(1106, 'D99AmBeZsOEDTUVFyW3C7yEGooCbqNbV', 12, '2025-03-01 15:31:52', '2025-03-01 09:46:52', '2025-03-01 09:46:52'),
	(1107, 'hR23fFpJ7CVAp1zs-LfTC_O9DLw4su5W', 12, '2025-03-01 15:31:52', '2025-03-01 09:46:52', '2025-03-01 09:46:52'),
	(1108, '5MYApBdLQM15_QQghxKPstsoGpAsE948', 12, '2025-03-01 15:34:01', '2025-03-01 09:49:01', '2025-03-01 09:49:01'),
	(1109, 'd19H4EjywMMyLAgHFBz8p7SzmNjKSkra', 12, '2025-03-01 15:34:18', '2025-03-01 09:49:18', '2025-03-01 09:49:18'),
	(1110, 'Mb4aBV9NAO7XO3TRnaepMFtUoqH8YW9J', 12, '2025-03-01 15:40:31', '2025-03-01 09:55:31', '2025-03-01 09:55:31'),
	(1111, 'eItRjABNqtYdKb6AjjMDtVv_kCKS7XVM', 12, '2025-03-01 15:59:07', '2025-03-01 10:14:07', '2025-03-01 10:14:07'),
	(1112, '6eaKXPmZuB9-nKfcPY27sINMW2kjq27S', 12, '2025-03-01 16:11:47', '2025-03-01 10:26:47', '2025-03-01 10:26:47'),
	(1113, 'AilB7_cgZfvEklIiAJ9_q0zASSMmEoim', 12, '2025-03-01 16:16:24', '2025-03-01 10:31:24', '2025-03-01 10:31:24'),
	(1114, 'lNSP8rcZHbuzK2FFcjQg7tRuVmKsDZR9', 12, '2025-03-01 16:20:07', '2025-03-01 10:35:07', '2025-03-01 10:35:07'),
	(1115, 'ss0iPWc8R9l0KSpU5YomqJN-RykuEUVw', 12, '2025-03-01 16:25:50', '2025-03-01 10:40:50', '2025-03-01 10:40:50'),
	(1116, 'aaj0vgtv1BYMxjSdnp9shhq5r-GjJj47', 12, '2025-03-01 16:30:58', '2025-03-01 10:45:58', '2025-03-01 10:45:58'),
	(1117, 'CxyAe1FTAGulapBX1FVKlGHsXhGUkBdU', 12, '2025-03-01 16:48:00', '2025-03-01 11:03:00', '2025-03-01 11:03:00'),
	(1118, '8-zSfBay6A_v4mulzhy2w9hI7DaBHZcf', 12, '2025-03-01 17:02:09', '2025-03-01 11:17:09', '2025-03-01 11:17:09'),
	(1119, '31h9JIT87OJ3XVk87aeInkONIv6AwJA0', 12, '2025-03-01 17:21:02', '2025-03-01 11:36:02', '2025-03-01 11:36:02'),
	(1120, 'QB1oKZyFAXeSLzI5uz5f5sduIE5HBZkV', 12, '2025-03-01 17:26:03', '2025-03-01 11:41:03', '2025-03-01 11:41:03'),
	(1121, 'KZsOY2qe2jkwtFcxIu4Pf4WjWW3eMyx1', 12, '2025-03-01 17:30:52', '2025-03-01 11:45:52', '2025-03-01 11:45:52'),
	(1122, '7rUn9RN7yu7EQ6egdLSZh8-F_DCBWITM', 12, '2025-03-01 18:11:08', '2025-03-01 12:26:08', '2025-03-01 12:26:08'),
	(1123, 'YK4ixioPF68ZViVvp4GfZMSwcB8csp4L', 12, '2025-03-01 18:24:39', '2025-03-01 12:39:40', '2025-03-01 12:39:40'),
	(1124, 'eyv1zldRmynPDIt5UjHWGNVS20dTjpTL', 12, '2025-03-01 19:03:27', '2025-03-01 13:18:27', '2025-03-01 13:18:27'),
	(1125, 'hVVKriv4A1wWr0dOftzAvVN1gXZgWKHa', 12, '2025-03-03 10:48:11', '2025-03-03 05:03:12', '2025-03-03 05:03:12'),
	(1126, 'I8GRdQD6dkGmsIp5fVEDDAS9B1K3lHyO', 12, '2025-03-03 11:08:25', '2025-03-03 05:23:26', '2025-03-03 05:23:26'),
	(1127, 'WAQO45u3KJ3ieFDYhjcgXnfrAFNSSYYL', 12, '2025-03-03 11:37:06', '2025-03-03 05:52:06', '2025-03-03 05:52:06'),
	(1128, 'silGcIlVSfvkYCTpfAt7IR26khKebPk6', 12, '2025-03-03 12:43:06', '2025-03-03 06:58:06', '2025-03-03 06:58:06'),
	(1129, 'Bwwo6ldwuAnUFeOxs8pltvjGtAa7CgQm', 12, '2025-03-03 13:15:33', '2025-03-03 07:30:33', '2025-03-03 07:30:33'),
	(1130, '-vgcYkkhv5bprnvy9rkM27r1yyhjjitC', 12, '2025-03-03 13:35:35', '2025-03-03 07:50:35', '2025-03-03 07:50:35'),
	(1131, 'SYhb8tDA8hBtUwqT5knv1UEWi6EGKi8j', 12, '2025-03-03 13:50:57', '2025-03-03 08:05:57', '2025-03-03 08:05:57'),
	(1132, 'HOyouevSVvUn90P2svZSxhzfFOMttAGL', 12, '2025-03-03 14:19:06', '2025-03-03 08:34:06', '2025-03-03 08:34:06'),
	(1133, 'MBfLqTN4eYCoWDfZm0H7um7ifPczdmdQ', 12, '2025-03-03 14:37:20', '2025-03-03 08:52:20', '2025-03-03 08:52:20'),
	(1134, 'qQjuJciA4FPpI5hcWU0ji3o0vb5y2jmP', 12, '2025-03-03 15:11:37', '2025-03-03 09:26:37', '2025-03-03 09:26:37'),
	(1135, '3vbJ4ROwb1JSFjLurlWx-d5pA8Q1KQ-F', 12, '2025-03-03 15:16:50', '2025-03-03 09:31:50', '2025-03-03 09:31:50'),
	(1136, '64Vi4n-ASm1YV3yvLsnoVt3ZpDNJmfBr', 12, '2025-03-03 15:19:44', '2025-03-03 09:34:44', '2025-03-03 09:34:44'),
	(1137, 'EiGZ5fzOAdxFVEHw9XA6jKo-tvlphczk', 12, '2025-03-03 15:21:07', '2025-03-03 09:36:07', '2025-03-03 09:36:07'),
	(1138, 'qwGQbHjetPsBpipNKPSYU1_HX6oZKYqA', 12, '2025-03-03 15:38:14', '2025-03-03 09:53:14', '2025-03-03 09:53:14'),
	(1139, 'Oa0nbvgVwcyNtOsfwQHjmPkMfytfPGWW', 12, '2025-03-03 15:40:58', '2025-03-03 09:55:58', '2025-03-03 09:55:58'),
	(1140, 'jAbQTKXoGnzI8V_67S6Nv26M2aQPIpbs', 12, '2025-03-03 15:44:33', '2025-03-03 09:59:33', '2025-03-03 09:59:33'),
	(1141, 'cMME0kIkAb4RFdIpTNQ7PFFvcAHjXwu4', 12, '2025-03-03 15:45:39', '2025-03-03 10:00:39', '2025-03-03 10:00:39'),
	(1142, '5rcplmLCiyQcazXT6ZCzMNbGETg1z2at', 12, '2025-03-03 16:18:59', '2025-03-03 10:33:59', '2025-03-03 10:33:59'),
	(1143, 'Qr5IAFbTUAezeQziq5aBALjDtB8i4ILK', 12, '2025-03-03 16:24:29', '2025-03-03 10:39:29', '2025-03-03 10:39:29'),
	(1144, 'm8VQ-BvUd_iuEOyYLF-lpuBDPwlL7s83', 12, '2025-03-03 16:43:47', '2025-03-03 10:58:47', '2025-03-03 10:58:47'),
	(1145, 'oSuMoEU0gecSxcge4_nSbXynz9fgMAaH', 12, '2025-03-03 16:54:30', '2025-03-03 11:09:30', '2025-03-03 11:09:30'),
	(1146, 'KSEJRaJkz39hQPWR8qWjuNVvvY_uJ3JB', 12, '2025-03-03 17:20:35', '2025-03-03 11:35:35', '2025-03-03 11:35:35'),
	(1147, '-QPD0fKW4QlEWuugPbVd6k60LCvqM0Dx', 12, '2025-03-03 17:29:29', '2025-03-03 11:44:30', '2025-03-03 11:44:30'),
	(1148, 'u5hlyEKMUKaVPYZ2-BtUXl2z2U3GtHph', 12, '2025-03-03 18:30:35', '2025-03-03 12:45:35', '2025-03-03 12:45:35'),
	(1149, 'jjeRRQx7OJU2OQdNcMYDoXzk6h5NiZJ_', 12, '2025-03-03 18:42:10', '2025-03-03 12:57:10', '2025-03-03 12:57:10'),
	(1150, '7aggiWuLA8sJPZLbekVeVpsbpRL6D1AW', 12, '2025-03-03 19:12:28', '2025-03-03 13:27:28', '2025-03-03 13:27:28'),
	(1151, 'Ufgss9VTvnKo_Ejf6CnbwFd_jKx4_LCl', 12, '2025-03-04 11:00:18', '2025-03-04 05:15:18', '2025-03-04 05:15:18'),
	(1152, 'bDMWrr_RuGiOYq8yuZr7v1lfzJQrCpAq', 12, '2025-03-04 11:39:25', '2025-03-04 05:54:25', '2025-03-04 05:54:25'),
	(1153, 'dfriT7ty-DCtyY6QX26OnIjhT4Dpaav2', 12, '2025-03-04 11:39:57', '2025-03-04 05:54:57', '2025-03-04 05:54:57'),
	(1154, 'O6qv1jpVleOJCoSseTd2zGH-61rpoToS', 12, '2025-03-04 11:53:38', '2025-03-04 06:08:38', '2025-03-04 06:08:38'),
	(1155, 'QGgcIh4clB0ZFiezgYHW0V4-nzLPSmvd', 12, '2025-03-04 12:40:42', '2025-03-04 06:55:42', '2025-03-04 06:55:42'),
	(1156, 'Kh3Nd9mUOv874G125q9gbwUsTa7WH_pK', 12, '2025-03-04 13:01:52', '2025-03-04 07:16:52', '2025-03-04 07:16:52'),
	(1157, 'Rmbu8EKZlCsmFajm2ucTpjAVU9hliApv', 12, '2025-03-04 13:44:27', '2025-03-04 07:59:27', '2025-03-04 07:59:27'),
	(1158, 'uEp937pe1Cx7TOm5oqvXwOFNG6XIwkcV', 12, '2025-03-04 13:48:41', '2025-03-04 08:03:41', '2025-03-04 08:03:41'),
	(1159, 'JNlfgDlV3Im_vPtv9si0sZxWXobtWYWl', 12, '2025-03-04 13:54:02', '2025-03-04 08:09:03', '2025-03-04 08:09:03'),
	(1160, 'ejolum_EWzvPCSCichE_jJaUrRLaCx-a', 12, '2025-03-04 14:21:56', '2025-03-04 08:36:57', '2025-03-04 08:36:57'),
	(1161, 'UQ21yHtYLA9Z9q0dDkLdax-qPdLgW6Nn', 12, '2025-03-04 15:39:40', '2025-03-04 09:54:40', '2025-03-04 09:54:40'),
	(1162, 'TqWKAjJyWZakwwsyTPMNzUG_DirPs2Z6', 12, '2025-03-04 15:42:29', '2025-03-04 09:57:29', '2025-03-04 09:57:29'),
	(1163, 'On0wLEiZYYfARIY46ixYqn2aP6gSXVdM', 12, '2025-03-04 16:07:39', '2025-03-04 10:22:39', '2025-03-04 10:22:39'),
	(1164, '8fgYm7z3efamTo11JJUSfFTDJA_6uJFC', 12, '2025-03-04 16:16:02', '2025-03-04 10:31:02', '2025-03-04 10:31:02'),
	(1165, 'QGOUVHbg5oz_MRt5tP27pfzJF1lz9HQ3', 12, '2025-03-04 16:43:05', '2025-03-04 10:58:05', '2025-03-04 10:58:05'),
	(1166, 'UAVeOZKQsRDXg6g-aFACn154j7hZY7Ry', 12, '2025-03-04 16:55:34', '2025-03-04 11:10:34', '2025-03-04 11:10:34'),
	(1167, 'gSpENvRPhW-L0ZFKs1wztJRISv8aMg-o', 12, '2025-03-04 18:18:38', '2025-03-04 12:33:38', '2025-03-04 12:33:38'),
	(1168, 'djx6PDfRnMN3aMjQhboeOpScSkiLFiPY', 12, '2025-03-04 18:18:53', '2025-03-04 12:33:54', '2025-03-04 12:33:54'),
	(1169, 'c3xfZUuUVKRsqFvFG6c6b6ph2TaHUITi', 12, '2025-03-04 18:20:16', '2025-03-04 12:35:16', '2025-03-04 12:35:16'),
	(1170, 'GBTXTT0Idf_UlvuxDaVLQUHdn-BhZ9je', 12, '2025-03-04 18:20:38', '2025-03-04 12:35:38', '2025-03-04 12:35:38'),
	(1171, '-761NZSoGOD8M7Px5ahzgFXbXr4J6xk9', 12, '2025-03-04 18:25:06', '2025-03-04 12:40:06', '2025-03-04 12:40:06'),
	(1172, 'dphdpYEybhqb57bCVBnlrW73QQXlGgfD', 12, '2025-03-04 18:27:37', '2025-03-04 12:42:37', '2025-03-04 12:42:37'),
	(1173, '34Xpof31UcYsWUNQG-Kj8AU-ZWViX2hY', 12, '2025-03-04 18:55:30', '2025-03-04 13:10:30', '2025-03-04 13:10:30'),
	(1174, 'Klp5TiUHEzL1BdKXdba2MY_gLjnmOcPi', 12, '2025-03-04 18:57:03', '2025-03-04 13:12:03', '2025-03-04 13:12:03'),
	(1175, 'T6tcIGQBdZRx0QnB74ACS4g81SKnfFrW', 12, '2025-03-04 19:03:18', '2025-03-04 13:18:18', '2025-03-04 13:18:18'),
	(1176, 'wrAryO3E34uGF8VXnNwOYio_Kp7krij-', 12, '2025-03-04 19:04:27', '2025-03-04 13:19:27', '2025-03-04 13:19:27'),
	(1177, 'bqf_BlSll-tRYozdKmesGnOsnx0mJn9o', 12, '2025-03-04 19:07:55', '2025-03-04 13:22:55', '2025-03-04 13:22:55'),
	(1178, 'ou3XhH3oMs1Xbq4IX8vY2EXzYjzfF0OZ', 12, '2025-03-04 19:10:49', '2025-03-04 13:25:49', '2025-03-04 13:25:49'),
	(1179, 'iG0GHBo_tl0AIRWR0ugQyQpzu_vGQDKu', 12, '2025-03-04 19:10:51', '2025-03-04 13:25:51', '2025-03-04 13:25:51'),
	(1180, 'UjcyPI-J4IbDdg9d6n4svpvVJLFn1mIG', 12, '2025-03-04 19:12:36', '2025-03-04 13:27:36', '2025-03-04 13:27:36'),
	(1181, 'sy1SIXwWrg30QsWQ1b-LMgTfMIqc9PRk', 12, '2025-03-04 19:21:11', '2025-03-04 13:36:12', '2025-03-04 13:36:12'),
	(1182, 'c5xu6I--FblO6cFke3WtqFa7q69GyiEJ', 12, '2025-03-04 19:23:35', '2025-03-04 13:38:35', '2025-03-04 13:38:35'),
	(1183, '6pcJy4amyh3XYGlRJ0jd9RAkzZRHDRgE', 12, '2025-03-04 19:25:01', '2025-03-04 13:40:01', '2025-03-04 13:40:01'),
	(1184, '2BDkR5f4KiGdx7iKUObnsS0WeddBNAdI', 12, '2025-03-05 10:26:24', '2025-03-05 04:41:24', '2025-03-05 04:41:24'),
	(1185, 'hmNupkrAFJreKVTuWpazigHeny7FB-dY', 12, '2025-03-05 10:28:04', '2025-03-05 04:43:04', '2025-03-05 04:43:04'),
	(1186, 'I2amE5Iqn6G_KeGIlpqq00nZARK7QRdv', 12, '2025-03-05 10:30:22', '2025-03-05 04:45:23', '2025-03-05 04:45:23'),
	(1187, 'w9PnxX0hnAKfOg4uWXr434FpLinfwgzQ', 12, '2025-03-05 10:39:34', '2025-03-05 04:54:34', '2025-03-05 04:54:34'),
	(1188, 'VXvB3IgLmlKC3F3RSW7yZ1LWpDfQINmA', 12, '2025-03-05 11:26:21', '2025-03-05 05:41:21', '2025-03-05 05:41:21'),
	(1189, 'r2NUIG1Cx7TZHTkCudnwT0sXaUFI7E1a', 12, '2025-03-05 12:15:23', '2025-03-05 06:30:23', '2025-03-05 06:30:23'),
	(1190, 'DouBCj6PIodwWwZggYMaKz9HUCzuA6FW', 12, '2025-03-05 14:14:03', '2025-03-05 08:29:03', '2025-03-05 08:29:03'),
	(1191, '1J9e3G73zBW95QuS0rz240Ajq5XkIdeG', 12, '2025-03-05 14:27:06', '2025-03-05 08:42:06', '2025-03-05 08:42:06'),
	(1192, 'oHFQZtMzGb-T8vdaqufMZXQuQdENiNNq', 12, '2025-03-05 14:31:04', '2025-03-05 08:46:04', '2025-03-05 08:46:04'),
	(1193, 'kQr7-TUATcRuPtej_bsh9aayNBg9ElAi', 12, '2025-03-05 15:19:12', '2025-03-05 09:34:12', '2025-03-05 09:34:12'),
	(1194, 'o7tm9W-a7lao3gXQZ89GSV6SZRU1Zozw', 12, '2025-03-05 15:19:24', '2025-03-05 09:34:24', '2025-03-05 09:34:24'),
	(1195, 'YeK5svUshEircA9-T5LgaYfGQI6H4KYu', 12, '2025-03-05 15:29:04', '2025-03-05 09:44:04', '2025-03-05 09:44:04'),
	(1196, 'H9ef1woqh851dN0GP9emyqb-PKmwdr1b', 12, '2025-03-05 15:37:25', '2025-03-05 09:52:26', '2025-03-05 09:52:26'),
	(1197, 'eGo1hgQJNkzOn-SCqFMEVIxvpceEEqsw', 12, '2025-03-05 15:38:31', '2025-03-05 09:53:31', '2025-03-05 09:53:31'),
	(1198, 'U_5xAw3oE_6AQTIT44_RrUqUbHxw3Aiw', 12, '2025-03-05 15:40:57', '2025-03-05 09:55:58', '2025-03-05 09:55:58'),
	(1199, 'givmidk5tTQvT3TLFphsl1rQYxAZexWB', 12, '2025-03-05 15:43:28', '2025-03-05 09:58:28', '2025-03-05 09:58:28'),
	(1200, 'zVjlaPIqqB1s6ggNk_cuKv8p5aL3FE26', 12, '2025-03-05 15:45:57', '2025-03-05 10:00:57', '2025-03-05 10:00:57'),
	(1201, 'nB9nFzLzq_WRDvmnrZaxNdIXAUG35CkV', 12, '2025-03-05 15:49:22', '2025-03-05 10:04:23', '2025-03-05 10:04:23'),
	(1202, 'gR3KV1-WwhbFxqK90U_FLzdolzfkBW6R', 12, '2025-03-05 15:55:16', '2025-03-05 10:10:16', '2025-03-05 10:10:16'),
	(1203, 'VowDNpojo3sss-_GMc7AVU9HAPdZe82m', 12, '2025-03-05 16:26:08', '2025-03-05 10:41:08', '2025-03-05 10:41:08'),
	(1204, 'KMqF3SvPAR8J-Z_uY2nJfA7uZv4yTxQe', 12, '2025-03-05 16:55:49', '2025-03-05 11:10:50', '2025-03-05 11:10:50'),
	(1205, 'bR--sgAdjg2DYhq9AkW_3EmcYQU4Q3up', 12, '2025-03-05 17:15:38', '2025-03-05 11:30:39', '2025-03-05 11:30:39'),
	(1206, '0vsDW6VyCWrIDnGkirFEWHIoOUJJuJhr', 12, '2025-03-05 17:21:26', '2025-03-05 11:36:26', '2025-03-05 11:36:26'),
	(1207, 'QjYVw3Huv9K_49-x_ZDe0XJTC7KTee0z', 12, '2025-03-05 17:22:19', '2025-03-05 11:37:19', '2025-03-05 11:37:19'),
	(1208, 'CZXJkxeoO3Kc6GocnlK0tWDX3fDqVfGN', 12, '2025-03-05 17:22:33', '2025-03-05 11:37:33', '2025-03-05 11:37:33'),
	(1209, '442MsoQxd_63BDVMvJU9xsfSO_nOBHoX', 12, '2025-03-05 17:29:44', '2025-03-05 11:44:44', '2025-03-05 11:44:44'),
	(1210, 'Fplw7dHRw3tL6koBDP-hmSfM1LGt9SxZ', 12, '2025-03-05 17:31:38', '2025-03-05 11:46:38', '2025-03-05 11:46:38'),
	(1211, '6muqHPf2hGQ0fSRi6DTb-0HcP1uiKXqx', 12, '2025-03-05 17:44:34', '2025-03-05 11:59:35', '2025-03-05 11:59:35'),
	(1212, '-GeY3WRnuTT-gxJv0xhmxa6CMnCfzY5_', 12, '2025-03-05 18:01:16', '2025-03-05 12:16:16', '2025-03-05 12:16:16'),
	(1213, 'K-tlwVG6MJGYNkQCxtsRhZ97ZvX5ICia', 12, '2025-03-05 18:11:36', '2025-03-05 12:26:36', '2025-03-05 12:26:36'),
	(1214, 'DU0wy2Ft5weqVcMNN3lMTRbjCq3lSc2D', 12, '2025-03-05 18:13:06', '2025-03-05 12:28:07', '2025-03-05 12:28:07'),
	(1215, 'oBLGldBttmyhlKsyRjWWkOEcU4L3xz9m', 12, '2025-03-05 18:16:58', '2025-03-05 12:31:58', '2025-03-05 12:31:58'),
	(1216, 'aU7-dYh02YPvkodM6SIkjAdDV2dSbJ90', 12, '2025-03-05 18:23:15', '2025-03-05 12:38:15', '2025-03-05 12:38:15'),
	(1217, 'qZypBxBp-0yBaCA8DNiS76WOmeKsWVOl', 12, '2025-03-05 18:36:02', '2025-03-05 12:51:02', '2025-03-05 12:51:02'),
	(1218, 'eAa3UNAYsqBlE_tX3jWy5tYRvEmd-dTz', 12, '2025-03-06 10:40:03', '2025-03-06 04:55:03', '2025-03-06 04:55:03'),
	(1219, 'tumasQUmBCv7OdwH3lBG3OORFfC2Zv8L', 12, '2025-03-06 10:46:47', '2025-03-06 05:01:47', '2025-03-06 05:01:47'),
	(1220, 'blw21iz9xTsHRLFSs60Pr36IDD2GeUNM', 12, '2025-03-06 11:01:35', '2025-03-06 05:16:35', '2025-03-06 05:16:35'),
	(1221, 'U6vduh8p7AKLpfkATtWuM9NFHQsyK_3N', 12, '2025-03-06 11:07:14', '2025-03-06 05:22:14', '2025-03-06 05:22:14'),
	(1222, 'auUoq4K9oemfuvI3F3AnFPJrTA03jHL9', 12, '2025-03-06 11:48:56', '2025-03-06 06:03:56', '2025-03-06 06:03:56'),
	(1223, '7eV2-3wmIvMrlJl5DliOaiI44ZzrJZEp', 12, '2025-03-06 12:03:25', '2025-03-06 06:18:25', '2025-03-06 06:18:25'),
	(1224, 'sOFZpQTUA5W37d31InYym-FfAzXFCb3N', 12, '2025-03-06 12:55:16', '2025-03-06 07:10:16', '2025-03-06 07:10:16'),
	(1225, 'WHb_OiEmU-HnGBMPOPr9gfYKlvnw9HUJ', 12, '2025-03-06 16:08:45', '2025-03-06 10:23:45', '2025-03-06 10:23:45'),
	(1226, '3LkY6JyB7FOGt4qexecftP7grfw6wKo7', 12, '2025-03-06 16:11:36', '2025-03-06 10:26:36', '2025-03-06 10:26:36'),
	(1227, 's5c8QFaOWwo9AIsCmn_R11DIGPRCB1eb', 12, '2025-03-06 16:14:38', '2025-03-06 10:29:38', '2025-03-06 10:29:38'),
	(1228, '8OGflrP7KAsL7Fd-2rjXeoPQihtCIpmd', 12, '2025-03-06 17:14:25', '2025-03-06 11:29:25', '2025-03-06 11:29:25'),
	(1229, 'RDFkZ59oxlHNOoZuiRZKOf5uzas30obR', 12, '2025-03-06 18:45:02', '2025-03-06 13:00:03', '2025-03-06 13:00:03'),
	(1230, 'nPHQNmNnn2ydz4f7hl9Du-OdOx0W0LNz', 12, '2025-03-06 18:48:53', '2025-03-06 13:03:54', '2025-03-06 13:03:54'),
	(1231, 'F6NGdO0SoweT6o8BURhMt27phHCtcmQA', 12, '2025-03-07 10:50:07', '2025-03-07 05:05:07', '2025-03-07 05:05:07'),
	(1232, 'RHX8JeMAzckxCmQX3I3K6O5lXnbSLlLX', 12, '2025-03-07 10:56:11', '2025-03-07 05:11:11', '2025-03-07 05:11:11'),
	(1233, 'MwQ4G86lrjuwYPjud0iQ0eTPxb0qIkLC', 12, '2025-03-07 11:15:50', '2025-03-07 05:30:50', '2025-03-07 05:30:50'),
	(1234, '42fPAYWfugt582umNOuK2gwg0Nzboo3_', 12, '2025-03-07 11:37:32', '2025-03-07 05:52:32', '2025-03-07 05:52:32'),
	(1235, 'DvqYyeVvti5BrZgOqzYJJwqD2nXwEnYj', 12, '2025-03-07 13:22:07', '2025-03-07 07:37:07', '2025-03-07 07:37:07'),
	(1236, 'FFQfB6vGWCLWCVRb6oBjeJTPwS1uhdS8', 12, '2025-03-07 15:54:54', '2025-03-07 10:09:54', '2025-03-07 10:09:54'),
	(1237, '9bIkqPqSKuwRbesXK2K6RhFjh-KtNLhZ', 12, '2025-03-07 16:56:13', '2025-03-07 11:11:13', '2025-03-07 11:11:13'),
	(1238, 'D88_IsQztXADhfRSu4-wpoV8mMBVxJ57', 12, '2025-03-07 17:40:13', '2025-03-07 11:55:13', '2025-03-07 11:55:13'),
	(1239, 'tuZiNx2nXzkrX6ipxYO9YKCqeZOgZhWk', 12, '2025-03-07 17:52:09', '2025-03-07 12:07:10', '2025-03-07 12:07:10'),
	(1240, 'oxb99SXdYl6gv0gBa6r_RyN83MDFj5U8', 12, '2025-03-13 17:29:24', '2025-03-13 11:44:25', '2025-03-13 11:44:25'),
	(1241, 't4j9qlLinARQPvQ7LgUoib6udQZTMXDX', 12, '2025-03-13 17:29:27', '2025-03-13 11:44:27', '2025-03-13 11:44:27'),
	(1242, 'dyvw9NYcg6DwaEv0ANKhj1zTUAwY2S8-', 12, '2025-03-13 18:46:48', '2025-03-13 13:01:48', '2025-03-13 13:01:48'),
	(1243, 'TXPS6doo-0bwLJC0wouxY0hJJ7QBiQZ5', 12, '2025-03-13 19:17:03', '2025-03-13 13:32:03', '2025-03-13 13:32:03'),
	(1244, 'orc6MVXfffOu_lxCJZpsOfdYMBnP5I1S', 12, '2025-03-17 12:19:29', '2025-03-17 06:34:29', '2025-03-17 06:34:29'),
	(1245, 'wR2yFquDW08GuzhxnjfERaLiGXhn5_TU', 12, '2025-03-17 12:19:40', '2025-03-17 06:34:40', '2025-03-17 06:34:40'),
	(1246, 'dvOAS_8H2WHVM5FR5e7XlRRPSxLvGxRe', 12, '2025-03-17 14:07:42', '2025-03-17 08:22:42', '2025-03-17 08:22:42'),
	(1247, 'WUIfM9Nxt8OKfwA6XEs2asA0mYlPh32k', 12, '2025-03-17 15:56:42', '2025-03-17 10:11:42', '2025-03-17 10:11:42'),
	(1248, 'ygziY1RVgojauh0eohSL8yBAiyiJkC_k', 12, '2025-03-17 16:01:00', '2025-03-17 10:16:00', '2025-03-17 10:16:00'),
	(1249, 'rjFTnj7I3q9ESUnr7ED5YFfe3jELD0Ly', 12, '2025-03-17 16:10:47', '2025-03-17 10:25:47', '2025-03-17 10:25:47'),
	(1250, 'o9nI-SiKUNKD80Sg75IgzUHsiDjRnmEX', 12, '2025-03-17 16:52:46', '2025-03-17 11:07:46', '2025-03-17 11:07:46'),
	(1251, '8_wHh9G8BbFeXdyCwUH43K5X4zUC7asb', 12, '2025-03-17 17:03:17', '2025-03-17 11:18:17', '2025-03-17 11:18:17'),
	(1252, 'Lkv7LfKigmN-frl6LxnRiHCc6NOCOKqm', 12, '2025-03-17 17:11:12', '2025-03-17 11:26:12', '2025-03-17 11:26:12'),
	(1253, 'ZxWtwzdufrJNliZ6SsvrzAMeDEKABuCw', 12, '2025-03-17 17:21:20', '2025-03-17 11:36:20', '2025-03-17 11:36:20'),
	(1254, 'cbZgCmnD0ENCGfxWMaL-7zpVZZyAjvSw', 12, '2025-03-17 18:18:09', '2025-03-17 12:33:09', '2025-03-17 12:33:09'),
	(1255, '_oN29ZrLP7TRyAlfsvljPbq8NMkom0L4', 12, '2025-03-17 18:22:44', '2025-03-17 12:37:45', '2025-03-17 12:37:45'),
	(1256, 'lnKg6NY4YcAfs873nU3yVKXu6J080fxA', 12, '2025-03-17 18:43:18', '2025-03-17 12:58:18', '2025-03-17 12:58:18'),
	(1257, 'GXYuvjy-SOYxeeDw6FXbIcZ2TzwT5K7G', 12, '2025-03-17 19:34:34', '2025-03-17 13:49:34', '2025-03-17 13:49:34'),
	(1258, 'sIdwIdpjObElJmPzvldyjULopVxjqRMg', 12, '2025-03-17 19:50:16', '2025-03-17 14:05:16', '2025-03-17 14:05:16'),
	(1259, 'WBZUJ0z3tCOVj9P3D0hPC5N4hBGRZjFa', 12, '2025-03-18 11:49:17', '2025-03-18 06:04:17', '2025-03-18 06:04:17'),
	(1260, 'BZOwuC_4fYyt9m_rmIe1jYyiIbtN1HpR', 12, '2025-03-18 12:22:12', '2025-03-18 06:37:12', '2025-03-18 06:37:12'),
	(1261, 'iF-MUdmHX87kLl4eWeRQO7oHpTE04LYt', 12, '2025-03-18 13:10:24', '2025-03-18 07:25:24', '2025-03-18 07:25:24'),
	(1262, '3iRSfc2UFMSbgtnh0NHqODEiBOSB6VNE', 12, '2025-03-18 13:29:48', '2025-03-18 07:44:48', '2025-03-18 07:44:48'),
	(1263, 'tZynoykkgaL9Sgxkf51PxDWKKZ4ZxTBu', 12, '2025-03-18 14:45:22', '2025-03-18 09:00:22', '2025-03-18 09:00:22'),
	(1264, 'ew41MzAGxyHxeUfncAsxnCYBFFdJzHvb', 12, '2025-03-18 14:47:18', '2025-03-18 09:02:18', '2025-03-18 09:02:18'),
	(1265, '5x_KbPgc11P1O9VQasI8LIzO-FqoJzns', 12, '2025-03-18 15:07:49', '2025-03-18 09:22:49', '2025-03-18 09:22:49'),
	(1266, '0w8AjR8DUc_Nxbkvau06qfQQ591jwXFU', 12, '2025-03-18 15:14:36', '2025-03-18 09:29:36', '2025-03-18 09:29:36'),
	(1267, 'k2Yhb2Y4szp3zM6D2ZonEF1DPQ8SvoXo', 12, '2025-03-18 15:54:16', '2025-03-18 10:09:16', '2025-03-18 10:09:16'),
	(1268, 'pcyolFLbaHYgNvsZAA9QJiaJZ8LXawpI', 12, '2025-03-18 17:19:51', '2025-03-18 11:34:51', '2025-03-18 11:34:51'),
	(1269, '7b2Z9qYmSLMztWYI6Yp5S2HTdSGJvmaf', 12, '2025-03-18 17:44:46', '2025-03-18 11:59:46', '2025-03-18 11:59:46'),
	(1270, 'zLpqoHNVEo9ohb9eet0XEHJqOKK_e3Es', 12, '2025-03-18 18:35:43', '2025-03-18 12:50:43', '2025-03-18 12:50:43'),
	(1271, '_bB67yZbdxqSxkD-gziN-CyByYJDO-AN', 12, '2025-03-18 18:42:32', '2025-03-18 12:57:32', '2025-03-18 12:57:32'),
	(1272, 'GE76HdEy1jGO-EBlb9_s3lgGQi23escZ', 12, '2025-03-18 18:57:50', '2025-03-18 13:12:50', '2025-03-18 13:12:50'),
	(1273, 'NN_z5hdLEOCllAsFkmpQ52ggG5xJxx2A', 12, '2025-03-18 19:11:28', '2025-03-18 13:26:28', '2025-03-18 13:26:28'),
	(1274, '6NIklsVIaZdwGyTXSqApCqK8ZXSiesmq', 12, '2025-03-18 19:24:42', '2025-03-18 13:39:42', '2025-03-18 13:39:42'),
	(1275, 'dAg0ys-rJnlCGUhM3DiCBu_lG0cyEZb3', 12, '2025-03-19 10:39:24', '2025-03-19 04:54:24', '2025-03-19 04:54:24'),
	(1276, 'HSwA9zj5yJhXv7jA-7BZDxHDwPgJthGE', 12, '2025-03-19 11:41:11', '2025-03-19 05:56:11', '2025-03-19 05:56:11'),
	(1277, 'wYgiCtOCHBkMlmnPhtwZogTYinwGIhQc', 12, '2025-03-19 12:47:27', '2025-03-19 07:02:27', '2025-03-19 07:02:27'),
	(1278, 'vgZVi8m3uQdemoj60lQyb-W8jw5ftBOf', 12, '2025-03-19 15:10:03', '2025-03-19 09:25:03', '2025-03-19 09:25:03'),
	(1279, 'dIhLm335mPBnzjc9JGXhm9sI6xoBr5zy', 12, '2025-03-19 15:17:44', '2025-03-19 09:32:44', '2025-03-19 09:32:44'),
	(1280, 'TztU9AjsFKiUZf6rG9-nVkgc1sKQV09o', 12, '2025-03-19 15:31:17', '2025-03-19 09:46:18', '2025-03-19 09:46:18'),
	(1281, 'fh-EnKPxCqy55duJ7tRm0ukUFfS4nfWA', 12, '2025-03-19 16:14:57', '2025-03-19 10:29:57', '2025-03-19 10:29:57'),
	(1282, '-MFulzUMBOHtgGKAqxngcBCcFUxPa1il', 12, '2025-03-19 17:50:13', '2025-03-19 12:05:13', '2025-03-19 12:05:13'),
	(1283, 'mdZVQ5nbTc7RiHgMZdyh183fTnMD-fdv', 12, '2025-03-19 17:54:50', '2025-03-19 12:09:50', '2025-03-19 12:09:50'),
	(1284, '0khk4afD0IxQITtJ6M4ewwyE4GKBlVJC', 12, '2025-03-19 18:54:19', '2025-03-19 13:09:19', '2025-03-19 13:09:19'),
	(1285, 'OFlDTeVmFFriwFARwqI1Me1MR3betomC', 12, '2025-03-19 18:59:20', '2025-03-19 13:14:20', '2025-03-19 13:14:20'),
	(1286, 'VEoqPfGgfQA7h16Yqdh3Ut0x2eK1VwLx', 12, '2025-03-19 19:11:48', '2025-03-19 13:26:48', '2025-03-19 13:26:48'),
	(1287, 'OOJhlA2nuAVKzZuEr__b4WlM7jEoi6b2', 12, '2025-03-19 19:18:25', '2025-03-19 13:33:25', '2025-03-19 13:33:25'),
	(1288, 'QSN6sGIfVPM1FIFRfY1S8W5Omfiktu8A', 12, '2025-03-20 10:55:27', '2025-03-20 05:10:27', '2025-03-20 05:10:27'),
	(1289, 'amhLAebqttxibzCd1aodl4qCm4N-Q810', 12, '2025-03-20 11:08:38', '2025-03-20 05:23:39', '2025-03-20 05:23:39'),
	(1290, 's_Tan5bZH_Rgz-Md3BzjWTjKNYnkpnq1', 12, '2025-03-20 11:08:39', '2025-03-20 05:23:39', '2025-03-20 05:23:39'),
	(1291, '9Bo0dKvYAw8inTLW5iWtxHEI2WGV1BVe', 12, '2025-03-20 11:27:45', '2025-03-20 05:42:45', '2025-03-20 05:42:45'),
	(1292, '1-3u_z9IcE9krQ_ayz5u7mlcBxQ4GPqM', 12, '2025-03-20 11:37:54', '2025-03-20 05:52:54', '2025-03-20 05:52:54'),
	(1293, '-myppJTZu1n96fNSGIB8jRgB-KDdckCL', 12, '2025-03-20 13:25:26', '2025-03-20 07:40:26', '2025-03-20 07:40:26'),
	(1294, 'vI8nJHptXeDxVXg4ggkXrKYLnhiNlJr8', 12, '2025-03-20 14:17:45', '2025-03-20 08:32:45', '2025-03-20 08:32:45'),
	(1295, 'MEZSBn88TBv3dwt_tgtlBQBfTfGxV7-J', 12, '2025-03-20 14:52:29', '2025-03-20 09:07:29', '2025-03-20 09:07:29'),
	(1296, '3nl_oInjkBSJckcWs0atPGlmai-RQNv9', 12, '2025-03-20 14:54:31', '2025-03-20 09:09:31', '2025-03-20 09:09:31'),
	(1297, 'ITwA_SVgvrm-kJObUywndWs-9kxwTbeq', 12, '2025-03-20 15:07:05', '2025-03-20 09:22:05', '2025-03-20 09:22:05'),
	(1298, 'aotIXHN0kLzA__Lte3Yc4PIsMIuJUULV', 12, '2025-03-20 16:20:52', '2025-03-20 10:35:52', '2025-03-20 10:35:52'),
	(1299, 'l7wGfRDoHKCbdKHccp8fO1ClBkBOS6I-', 12, '2025-03-20 16:25:43', '2025-03-20 10:40:43', '2025-03-20 10:40:43'),
	(1300, 'qe-mvvrZyXWplg_R7ZyrLLGbpNfXLUMY', 12, '2025-03-20 16:26:34', '2025-03-20 10:41:34', '2025-03-20 10:41:34'),
	(1301, 'ddoxlazp7mu6lnx-DCCRz7J5VaHBhvya', 12, '2025-03-20 16:27:30', '2025-03-20 10:42:30', '2025-03-20 10:42:30'),
	(1302, '8SULgG_OdrL4Btz3dUHkZkANPNiLnXFA', 12, '2025-03-20 16:28:44', '2025-03-20 10:43:44', '2025-03-20 10:43:44'),
	(1303, 'zy_vCqAM_HOZRr8PphpZDtFTkExuIOVa', 12, '2025-03-20 16:29:41', '2025-03-20 10:44:41', '2025-03-20 10:44:41'),
	(1304, 'TcZuUkAx5rkfobTQUuRqo5qxJwPaRYyz', 12, '2025-03-20 16:30:21', '2025-03-20 10:45:21', '2025-03-20 10:45:21'),
	(1305, 'RwLdmSXpGXru_hnjQ_QGKvIMAuXGHyd-', 12, '2025-03-20 16:31:22', '2025-03-20 10:46:22', '2025-03-20 10:46:22'),
	(1306, 'cgAmoBndZDfzZf5yTYJ02NFXgsHOPkpF', 12, '2025-03-20 16:32:02', '2025-03-20 10:47:02', '2025-03-20 10:47:02'),
	(1307, 'Jm0b3lGxrdKHLxs-DVmKTq4JhJnC54ko', 12, '2025-03-20 16:33:37', '2025-03-20 10:48:38', '2025-03-20 10:48:38'),
	(1308, 'zzwsefCTa9Z7GJnueq8q96M7gjxFB_BL', 12, '2025-03-20 16:35:29', '2025-03-20 10:50:29', '2025-03-20 10:50:29'),
	(1309, 'eWJEB5obKqSsAttiS632kOfe-kPwQ6LE', 12, '2025-03-20 16:35:55', '2025-03-20 10:50:55', '2025-03-20 10:50:55'),
	(1310, 'AZUGOkqFDzpUlAPz2IrLYFx7YnBkebDC', 14, '2025-03-20 17:19:10', '2025-03-20 11:34:10', '2025-03-20 11:34:10'),
	(1311, 'ctbR7Oyu7p4A1DsfdCtmgJljgWjkrP17', 12, '2025-03-20 18:11:04', '2025-03-20 12:26:04', '2025-03-20 12:26:04'),
	(1312, 'zOp_J_5k8T7_Og_Sl4yeENsUNe1bnWPJ', 12, '2025-03-20 18:14:30', '2025-03-20 12:29:30', '2025-03-20 12:29:30'),
	(1313, '10n_h7y947rIDRZ1kPUXZ7aXGP48dARn', 12, '2025-03-20 18:16:24', '2025-03-20 12:31:24', '2025-03-20 12:31:24'),
	(1314, 'dsdxYMDYD6mwKEGTUViCwrY49IP1Ok8b', 12, '2025-03-20 18:18:54', '2025-03-20 12:33:54', '2025-03-20 12:33:54'),
	(1315, 'SKV3aRScTXIj75JmOxgCi-efabuhjKJ_', 12, '2025-03-20 18:21:23', '2025-03-20 12:36:23', '2025-03-20 12:36:23'),
	(1316, 'bQwQb1-yrP43IGzReLTckH-XtsnpyUIv', 12, '2025-03-20 18:32:00', '2025-03-20 12:47:01', '2025-03-20 12:47:01'),
	(1317, '40qQLpZ1aTSA3r192reijzaM-VicgFm_', 12, '2025-03-20 18:42:05', '2025-03-20 12:57:05', '2025-03-20 12:57:05'),
	(1318, 'Hly7oOAboWZGwPcX3qWAvAuNqL3vUq8C', 12, '2025-03-20 18:50:43', '2025-03-20 13:05:43', '2025-03-20 13:05:43'),
	(1319, 'BeBCROyVtDiP1AbAbntRFb-52Th-wXWj', 12, '2025-03-20 18:52:50', '2025-03-20 13:07:50', '2025-03-20 13:07:50'),
	(1320, '4x5NjLSIHrxgdDoRTE_sWCQxpVdhvXrU', 12, '2025-03-21 14:07:34', '2025-03-21 08:22:34', '2025-03-21 08:22:34'),
	(1321, 'nzHAHdB7JA76Dyo2NIuHhkzo8On3Mbbq', 12, '2025-03-21 14:50:12', '2025-03-21 09:05:12', '2025-03-21 09:05:12'),
	(1322, 'r7bmRWA5fGHaoThnOEnHsWesZOlwYLjE', 12, '2025-03-21 14:55:15', '2025-03-21 09:10:15', '2025-03-21 09:10:15'),
	(1323, 'EokYlJKjT3ZEhV7bX1F9v7V__r1huBp3', 12, '2025-03-21 17:25:11', '2025-03-21 11:40:11', '2025-03-21 11:40:11'),
	(1324, 'SvCWziZRwZD8GO9Gy_FP5rH9YiRyJaNB', 12, '2025-03-21 18:06:43', '2025-03-21 12:21:43', '2025-03-21 12:21:43'),
	(1325, 'M9gOfrsFZyhcyjDenePOjQEOeMT3aAyZ', 12, '2025-03-21 18:06:45', '2025-03-21 12:21:45', '2025-03-21 12:21:45'),
	(1326, '9Yvn1IqVB074mZkB38BaaOtqi-p_0Yis', 12, '2025-03-21 18:33:05', '2025-03-21 12:48:06', '2025-03-21 12:48:06'),
	(1327, 'ReSqGHN9h5tvpR7fKEUfVdLFs9Bo66wf', 12, '2025-03-21 18:49:16', '2025-03-21 13:04:16', '2025-03-21 13:04:16'),
	(1328, 'XVcbjduqBcdtuHfryhunc3kUtg7MKbet', 12, '2025-03-21 18:51:39', '2025-03-21 13:06:40', '2025-03-21 13:06:40'),
	(1329, 'mkOtdkf4ffw3RQavc8m8awmGHVaYijxe', 12, '2025-03-21 19:03:16', '2025-03-21 13:18:16', '2025-03-21 13:18:16'),
	(1330, 'BfMV4ydmtmEdps7mhRw4qR5sxjS8T7Cl', 12, '2025-03-22 10:26:20', '2025-03-22 04:41:20', '2025-03-22 04:41:20'),
	(1331, 'cQRvtKNI1Wisy6gENvbsvo4ISry8oAt6', 12, '2025-03-22 10:53:05', '2025-03-22 05:08:05', '2025-03-22 05:08:05'),
	(1332, '4sockzUt8ZUZaAfYhzCIS0mrmap8pOEV', 12, '2025-03-22 11:53:55', '2025-03-22 06:08:55', '2025-03-22 06:08:55'),
	(1333, 'jP9UbwWl_v7KmYH7Iz8dw6SbSDKNyBNg', 12, '2025-03-22 12:56:19', '2025-03-22 07:11:19', '2025-03-22 07:11:19'),
	(1334, 'rXRTj6YnRARDlb5v3s6wlQGrVeovv-kA', 12, '2025-03-22 14:03:52', '2025-03-22 08:18:52', '2025-03-22 08:18:52'),
	(1335, 'vsEwYB-QUyhU3n6iw4eGFIkKr1nAYgPo', 12, '2025-03-22 14:21:25', '2025-03-22 08:36:25', '2025-03-22 08:36:25'),
	(1336, 'N-2-Ou2tLm8q6xT3rcsNgFgtkrolXbUg', 12, '2025-03-22 15:14:12', '2025-03-22 09:29:12', '2025-03-22 09:29:12'),
	(1337, 't_a9HV30KrsyEYtcDYB-Y4PA74Edn_r6', 12, '2025-03-22 15:16:17', '2025-03-22 09:31:17', '2025-03-22 09:31:17'),
	(1338, 'TG1td6-QudG2u4jC9qBhVw2AYgZ4anfQ', 12, '2025-03-22 16:17:12', '2025-03-22 10:32:12', '2025-03-22 10:32:12'),
	(1339, '4qm14qxZ_rlsZbMlc5rp-wZxrCh73zdq', 12, '2025-03-22 18:00:46', '2025-03-22 12:15:46', '2025-03-22 12:15:46'),
	(1340, 'Vx548lhfgGV2afcWm6LP7PXFLcDaBXA5', 12, '2025-03-22 18:18:26', '2025-03-22 12:33:26', '2025-03-22 12:33:26'),
	(1341, 'DbqOhU8zIxTCiL5k1MVJy8Af-wqT4eIs', 12, '2025-03-22 18:32:59', '2025-03-22 12:47:59', '2025-03-22 12:47:59'),
	(1342, '6xzf52PESa-1h9fCJxi-2ssbWCUoGc_Z', 12, '2025-03-22 19:02:15', '2025-03-22 13:17:15', '2025-03-22 13:17:15'),
	(1343, 'kkOK8olQrmCPzHkR6m_Tz12tDk9CpiFZ', 12, '2025-03-24 11:12:35', '2025-03-24 05:27:35', '2025-03-24 05:27:35'),
	(1344, 'QwBfgSBCgNnz7st4P4mpAvM7ZdfeEPT1', 12, '2025-03-24 11:29:27', '2025-03-24 05:44:27', '2025-03-24 05:44:27'),
	(1345, 'cDBYA0ZtI0KJsif2rXZ2-rvRATqx0JGr', 12, '2025-03-24 12:28:48', '2025-03-24 06:43:48', '2025-03-24 06:43:48'),
	(1346, 'e1FqzfTkh-EkFfvlcyVnvD0dwI4FO882', 12, '2025-03-24 13:02:59', '2025-03-24 07:17:59', '2025-03-24 07:17:59'),
	(1347, 'pwLO_dZEYg2HANNjBPASQDdoxVzEjJno', 12, '2025-03-24 13:33:06', '2025-03-24 07:48:07', '2025-03-24 07:48:07'),
	(1348, 'paEu0wTdfCH4AVxgXCUZNydRxkvGqQ0m', 12, '2025-03-24 13:51:42', '2025-03-24 08:06:42', '2025-03-24 08:06:42'),
	(1349, 'Uv_qE2AoOEBqwTEW4kI8AhnVK8uxMS4J', 12, '2025-03-24 14:16:06', '2025-03-24 08:31:06', '2025-03-24 08:31:06'),
	(1350, 'u4ObA46JtME6mCXADLcamwjc7o2scfAT', 12, '2025-03-24 14:16:06', '2025-03-24 08:31:06', '2025-03-24 08:31:06'),
	(1351, 'NYbdiLpRJqhz-MnE67u3zxQZiQ9srPM8', 12, '2025-03-24 14:57:13', '2025-03-24 09:12:13', '2025-03-24 09:12:13'),
	(1352, 'la5b4xmtIHvbOAvlbc0zWLZgku5vNC_x', 12, '2025-03-24 15:26:29', '2025-03-24 09:41:29', '2025-03-24 09:41:29'),
	(1353, 'SP4Z5gi1axQnq6Mswr9u5sFrC-AxrM8O', 12, '2025-03-24 15:26:48', '2025-03-24 09:41:48', '2025-03-24 09:41:48'),
	(1354, 'CbdvkASjcKmZpDIyVMvSWzNvLW9Vqqw5', 12, '2025-03-24 16:10:19', '2025-03-24 10:25:19', '2025-03-24 10:25:19'),
	(1355, '0ZFc8g9ft8DU1tT-ph3WdzisB1ln8Wm2', 12, '2025-03-24 16:52:57', '2025-03-24 11:07:57', '2025-03-24 11:07:57'),
	(1356, 'MT_jJadZIeHLmVzQLAY9p_IEkNt5iPL6', 12, '2025-03-24 18:01:24', '2025-03-24 12:16:25', '2025-03-24 12:16:25'),
	(1357, 'YK7FPjudPb7r_a2eBwYI7xN5HfN3ekWy', 12, '2025-03-24 18:13:40', '2025-03-24 12:28:40', '2025-03-24 12:28:40'),
	(1358, 'W5znM7tt79vSbtW1o_s8EEaVpD7gJTEM', 12, '2025-03-24 18:16:11', '2025-03-24 12:31:11', '2025-03-24 12:31:11'),
	(1359, 'QrO20aQCmLZwHl6sSrELCgoifDMI1E1A', 12, '2025-03-24 18:18:44', '2025-03-24 12:33:45', '2025-03-24 12:33:45'),
	(1360, '_pIKVzYi9yZcQxvMO24g4lpKPB5jbfy1', 12, '2025-03-24 18:38:07', '2025-03-24 12:53:07', '2025-03-24 12:53:07'),
	(1361, 'k0Z6M-dhCovSaVooPWv-UphvqE0knb2n', 12, '2025-03-24 18:38:28', '2025-03-24 12:53:28', '2025-03-24 12:53:28'),
	(1362, 'r9x8c_TcGAwx5NHrCFGaW9-ErrWIirME', 12, '2025-03-24 19:08:31', '2025-03-24 13:23:31', '2025-03-24 13:23:31'),
	(1363, 'jwooT9c2oVXAFtE3jv6ZJBZOBLsUtTZp', 12, '2025-03-24 19:17:50', '2025-03-24 13:32:50', '2025-03-24 13:32:50'),
	(1364, 'KOZQgQVXA-ANrLVdMP4LmsSUSZQ6w0zR', 12, '2025-03-26 11:16:43', '2025-03-26 05:31:43', '2025-03-26 05:31:43'),
	(1365, '3msirNTRdHEPUusl1VOhnwvBRj42M8c0', 12, '2025-03-26 12:18:03', '2025-03-26 06:33:03', '2025-03-26 06:33:03'),
	(1366, 'w0hdrwsAHtrxE3KFEFRJBTK1C_u7UImq', 12, '2025-03-26 12:50:20', '2025-03-26 07:05:20', '2025-03-26 07:05:20'),
	(1367, 'nfeR3-BRSna3VMYAQYWZVAZ3aSN5i9xa', 12, '2025-03-26 13:16:06', '2025-03-26 07:31:06', '2025-03-26 07:31:06'),
	(1368, '-ef-BwYNP9SU78agyUfKN1MTvlAL6_eY', 12, '2025-03-26 15:40:20', '2025-03-26 09:55:21', '2025-03-26 09:55:21'),
	(1369, 'VbAsTRd8B8Km85wm44ZQCjxRw9ZlP1QQ', 12, '2025-03-26 15:43:39', '2025-03-26 09:58:39', '2025-03-26 09:58:39'),
	(1370, 'kPXdUWOtUhTa5zGV8WGmE6p0lzNY1tY4', 12, '2025-03-26 16:28:42', '2025-03-26 10:43:42', '2025-03-26 10:43:42'),
	(1371, 'w0hoyUn7wht-STOaATO6ex3KADwjeNSk', 12, '2025-03-26 17:21:05', '2025-03-26 11:36:05', '2025-03-26 11:36:05'),
	(1372, 'BAY0NooJ45WWmZqu7Qscu3jUUOUqSVfW', 12, '2025-03-26 17:48:03', '2025-03-26 12:03:03', '2025-03-26 12:03:03'),
	(1373, 'pNxIklqzq6DP3yUm3QfbzRAkVq0dbl9o', 12, '2025-03-26 17:56:51', '2025-03-26 12:11:51', '2025-03-26 12:11:51'),
	(1374, 'dcRG5ukQ9YpPBD-LhWYaxLTCv_jzDkiv', 12, '2025-03-26 18:32:40', '2025-03-26 12:47:40', '2025-03-26 12:47:40'),
	(1375, 'GxKhH5qQPueK1zTGxccBLyQYHaLVafbE', 12, '2025-03-26 19:00:22', '2025-03-26 13:15:22', '2025-03-26 13:15:22'),
	(1376, 'Ija-mchKr0pj2p0q_-5eskBKA22aAyW0', 12, '2025-03-27 14:17:19', '2025-03-27 08:32:20', '2025-03-27 08:32:20'),
	(1377, '3vCovaC7tT3ZnAOGGsfBDYdV6Hstvh0v', 12, '2025-03-27 15:07:59', '2025-03-27 09:22:59', '2025-03-27 09:22:59'),
	(1378, 'fLUyfiNUw3Tfc7qSrmpJsfSRAoa5fqcY', 12, '2025-03-27 15:33:32', '2025-03-27 09:48:32', '2025-03-27 09:48:32'),
	(1379, 'FN6e1LtMlwE8oH6v9eMum72fLbeqx8xl', 12, '2025-03-27 16:58:01', '2025-03-27 11:13:01', '2025-03-27 11:13:01'),
	(1380, '4Vc0bLmyaqZVcXWytdO2KK_5Hmk40q7G', 12, '2025-03-27 17:00:57', '2025-03-27 11:15:57', '2025-03-27 11:15:57'),
	(1381, '_HQInIdrZywfuxhXPnGemYeGe16sBRDL', 12, '2025-03-27 17:41:36', '2025-03-27 11:56:36', '2025-03-27 11:56:36'),
	(1382, 'yDwE3PPz0ekWlL9EQJmHG4G_rtCzcRTq', 12, '2025-03-27 17:48:12', '2025-03-27 12:03:12', '2025-03-27 12:03:12'),
	(1383, '7-5-kRXhrl2vWqAxcTxV2DPhVf1iEy0z', 12, '2025-03-27 18:21:35', '2025-03-27 12:36:36', '2025-03-27 12:36:36'),
	(1384, 'TtqUuI33V3XcdnKIAjUckQlI2-pS8M_q', 12, '2025-03-27 18:28:31', '2025-03-27 12:43:31', '2025-03-27 12:43:31'),
	(1385, 'EMUt7jsi3rJEpgbLnUOcWP8FA-KeCr2v', 12, '2025-03-28 10:47:55', '2025-03-28 05:02:56', '2025-03-28 05:02:56'),
	(1386, 'x2HaDFa4rIIQJztgvE6n6RqTfPaGdaMu', 12, '2025-03-28 10:53:19', '2025-03-28 05:08:19', '2025-03-28 05:08:19'),
	(1387, 'MM7F4M65RvEf1x8zcRTFxLcTBa0izfUl', 12, '2025-03-28 11:45:36', '2025-03-28 06:00:37', '2025-03-28 06:00:37'),
	(1388, 'nsaLjYJbzXbxWcFjrEL4FUCbv2UQthbM', 12, '2025-03-28 11:45:40', '2025-03-28 06:00:40', '2025-03-28 06:00:40'),
	(1389, 'RHq4evC_PzLwQVRJUoFrEtdS9q3abk8U', 12, '2025-03-28 11:45:43', '2025-03-28 06:00:43', '2025-03-28 06:00:43'),
	(1390, 'WVY6JvNyDpq19FQF-aSEl398D6LgcYzQ', 12, '2025-03-28 11:58:37', '2025-03-28 06:13:37', '2025-03-28 06:13:37'),
	(1391, 'nlGiRaxT-GcYRM1metF8czfX7H6X9QTu', 12, '2025-03-28 12:53:41', '2025-03-28 07:08:42', '2025-03-28 07:08:42'),
	(1392, 'HNP8XNb2Zq33nkZZkt1OlSgATB5v2TKt', 12, '2025-03-28 13:15:00', '2025-03-28 07:30:00', '2025-03-28 07:30:00'),
	(1393, 'LXELgIfQPTgMC86Vjtre6OlMGbgLu_MK', 12, '2025-03-28 13:27:40', '2025-03-28 07:42:40', '2025-03-28 07:42:40'),
	(1394, 'Suy-gFv08ZCfwj4Q4dKnySBbdXvcnYvb', 14, '2025-03-28 14:23:23', '2025-03-28 08:38:23', '2025-03-28 08:38:23'),
	(1395, 'NdF9W6Bggc8cPTjYtUNrtGbdQ_wMHGkv', 12, '2025-03-28 14:34:06', '2025-03-28 08:49:06', '2025-03-28 08:49:06'),
	(1396, 'VosnPKMy2dphXdtI32QxjFnkmP4osFra', 12, '2025-03-28 15:27:06', '2025-03-28 09:42:06', '2025-03-28 09:42:06'),
	(1397, 'Zet2kI8FfZZS_h9FFwWjFihL67_JpVci', 12, '2025-03-28 15:45:48', '2025-03-28 10:00:48', '2025-03-28 10:00:48'),
	(1398, '33u0pejgGpKRzs3v0Ya5RUxotsywsyhd', 12, '2025-03-28 15:56:45', '2025-03-28 10:11:45', '2025-03-28 10:11:45'),
	(1399, 'x3tSVt_nt_sYOy2yu-qLVKr1L1EDC2yB', 12, '2025-03-28 17:06:02', '2025-03-28 11:21:02', '2025-03-28 11:21:02'),
	(1400, 'k5FO_XQiIc4rB_TbDtwISIIzsnTHscqh', 15, '2025-03-28 17:08:49', '2025-03-28 11:23:49', '2025-03-28 11:23:49'),
	(1401, '9CGYV6qKCA1XjVkpa21SziGQ_iyrMkH7', 13, '2025-03-28 17:10:07', '2025-03-28 11:25:07', '2025-03-28 11:25:07'),
	(1402, 'oyr9cM8gtTm858z1Db298fgisgDoK-l3', 12, '2025-03-28 18:49:25', '2025-03-28 13:04:25', '2025-03-28 13:04:25'),
	(1403, 'wsakiKSm15pOSGr1ThBb4sG5vzmCJhTi', 13, '2025-03-28 19:13:30', '2025-03-28 13:28:30', '2025-03-28 13:28:30'),
	(1404, 'aW1NmfvirxNG__48a1QmpH8anPVkdbXT', 12, '2025-03-28 19:14:24', '2025-03-28 13:29:24', '2025-03-28 13:29:24'),
	(1405, 'zOJHCrafOlh7_5QDAE2iQOcAHWOqUom1', 12, '2025-03-29 13:42:22', '2025-03-29 07:57:22', '2025-03-29 07:57:22'),
	(1406, 'b56Sdl9Mrd19w0Ogm2sy4OHSSRGdEZ1F', 12, '2025-03-29 16:36:04', '2025-03-29 10:51:04', '2025-03-29 10:51:04'),
	(1407, 'dUxLMB7y5-AixqEBFcnasib-qCieFOmj', 12, '2025-03-29 16:52:04', '2025-03-29 11:07:05', '2025-03-29 11:07:05'),
	(1408, 'nmGbACTv-yG4T9Qn9leN3HVuLDokNGDO', 12, '2025-03-29 18:52:54', '2025-03-29 13:07:54', '2025-03-29 13:07:54'),
	(1409, 'lUAmP0JrnC3_-jELvnxwL9raacujYEfV', 12, '2025-03-29 18:53:39', '2025-03-29 13:08:39', '2025-03-29 13:08:39'),
	(1410, 'Czg4RRAMIh0uM-qJ-NRfJXfFgaC9gCL1', 12, '2025-03-29 18:55:06', '2025-03-29 13:10:06', '2025-03-29 13:10:06');

-- Dumping structure for table t_pm_db.tickets
CREATE TABLE IF NOT EXISTS `tickets` (
  `ticket_id` int(11) NOT NULL AUTO_INCREMENT,
  `project_id` int(11) DEFAULT NULL,
  `title` varchar(255) DEFAULT NULL,
  `description` mediumtext DEFAULT '',
  `status` varchar(50) DEFAULT 'Backlog',
  `priority` varchar(50) DEFAULT 'Medium',
  `created_by` int(11) DEFAULT NULL,
  `due_date` datetime DEFAULT NULL,
  `ticket_created_at` datetime DEFAULT current_timestamp(),
  `updated_at` datetime DEFAULT current_timestamp() ON UPDATE current_timestamp(),
  `ticket_status` varchar(255) DEFAULT 'todo',
  `images` text DEFAULT NULL,
  `card_image` varchar(255) DEFAULT NULL,
  `ticket_eta` varchar(50) DEFAULT '',
  `ticket_owner` varchar(255) DEFAULT 'Team',
  `calendar` varchar(100) DEFAULT NULL,
  PRIMARY KEY (`ticket_id`),
  KEY `project_id` (`project_id`),
  KEY `created_by` (`created_by`),
  CONSTRAINT `tickets_ibfk_1` FOREIGN KEY (`project_id`) REFERENCES `projects` (`project_id`),
  CONSTRAINT `tickets_ibfk_2` FOREIGN KEY (`created_by`) REFERENCES `users` (`user_id`)
) ENGINE=InnoDB AUTO_INCREMENT=538 DEFAULT CHARSET=utf8mb4 COLLATE=utf8mb4_general_ci;

-- Dumping data for table t_pm_db.tickets: ~48 rows (approximately)
INSERT INTO `tickets` (`ticket_id`, `project_id`, `title`, `description`, `status`, `priority`, `created_by`, `due_date`, `ticket_created_at`, `updated_at`, `ticket_status`, `images`, `card_image`, `ticket_eta`, `ticket_owner`, `calendar`) VALUES
	(404, 37, 'test-01___done', 'All tasks (Cards) related to the Calendar will be added under this Project.', 'backlog', 'Medium', 12, '2025-03-31 12:00:00', '2025-02-15 13:36:16', '2025-03-28 14:19:21', 'for-approval', NULL, NULL, '4days', 'Team', 'gautam'),
	(405, 37, 'test-01__02 task updated', 'All tasks (Cards) related to the Calendar will be added under this Project.', 'backlog', 'Medium', 12, '2025-02-15 13:00:00', '2025-02-15 13:36:16', '2025-03-28 11:43:57', 'inprogress', NULL, NULL, '09:10', 'Team', 'gautam'),
	(406, 37, 'test-01', 'All tasks (Cards) related to the Calendar will be added under this Project.', 'Backlog', 'Medium', 12, '2025-02-16 00:00:00', '2025-02-15 13:36:16', '2025-02-15 13:51:10', 'task - 10', NULL, NULL, '', 'Team', 'gautam'),
	(408, 69, 'new task2 updated', 'null', 'backlog', 'Medium', 12, '2025-01-12 13:00:00', '2025-02-15 14:08:10', '2025-03-22 15:50:04', 'approved', '["1739958578639.png"]', '1739958578763.png', '6hours and 40 minutes', 'Team', NULL),
	(410, 37, 'test-01', 'All tasks (Cards) related to the Calendar will be added under this Project.', 'Backlog', 'Medium', 12, '2025-02-16 00:00:00', '2025-02-15 13:36:16', '2025-02-15 13:51:10', 'task - 10', NULL, NULL, '', 'Team', 'gautam'),
	(413, 37, 'test-01', 'All tasks (Cards) related to the Calendar will be added under this Project.', 'Backlog', 'Medium', 12, '2025-02-16 00:00:00', '2025-02-15 13:36:16', '2025-02-15 13:51:10', 'task - 10', NULL, NULL, '', 'Team', 'gautam'),
	(416, 37, 'test-01', 'All tasks (Cards) related to the Calendar will be added under this Project.', 'Backlog', 'Medium', 12, '2025-02-16 00:00:00', '2025-02-15 13:36:16', '2025-02-15 13:51:10', 'task - 10', NULL, NULL, '', 'Team', 'gautam'),
	(419, 37, 'test-01', 'All tasks (Cards) related to the Calendar will be added under this Project.', 'Backlog', 'Medium', 12, '2025-02-16 00:00:00', '2025-02-15 13:36:16', '2025-02-15 13:51:10', 'task - 10', NULL, NULL, '', 'Team', 'gautam'),
	(422, 37, 'test-01', 'All tasks (Cards) related to the Calendar will be added under this Project.', 'Backlog', 'Medium', 12, '2025-02-16 00:00:00', '2025-02-15 13:36:16', '2025-02-15 13:51:10', 'task - 11', NULL, NULL, '', 'Team', 'gautam'),
	(423, 69, 'new task testing ', '<b><i><u>Testing worked done&nbsp;</u></i></b>', 'backlog', 'Medium', 12, '2025-01-11 20:30:00', '2025-02-15 14:05:47', '2025-03-18 15:46:29', 'rejected', NULL, NULL, '05:10', 'Team', NULL),
	(425, 37, 'test-01', 'All tasks (Cards) related to the Calendar will be added under this Project.', 'Backlog', 'Medium', 12, '2025-02-16 00:00:00', '2025-02-15 13:36:16', '2025-03-01 16:30:40', 'task - 10', NULL, NULL, '20 hours', 'Team', 'gautam'),
	(428, 37, 'test-01', 'All tasks (Cards) related to the Calendar will be added under this Project.', 'Backlog', 'Medium', 12, '2025-02-16 00:00:00', '2025-02-15 13:36:16', '2025-02-15 13:51:10', 'task - 11', NULL, NULL, '', 'Team', 'gautam'),
	(431, 37, 'test-01', 'All tasks (Cards) related to the Calendar will be added under this Project.', 'Backlog', 'Medium', 12, '2025-02-16 00:00:00', '2025-02-15 13:36:16', '2025-02-15 13:51:10', 'task - 10', NULL, NULL, '', 'Team', 'gautam'),
	(434, 37, 'test-01', 'All tasks (Cards) related to the Calendar will be added under this Project.', 'Backlog', 'Medium', 12, '2025-02-16 00:00:00', '2025-02-15 13:36:16', '2025-02-15 13:51:10', 'task - 10', NULL, NULL, '', 'Team', 'gautam'),
	(437, 37, 'test-01', 'All tasks (Cards) related to the Calendar will be added under this Project.', 'Backlog', 'Medium', 12, '2025-02-16 00:00:00', '2025-02-15 13:36:16', '2025-02-15 13:51:10', 'task - 10', NULL, NULL, '', 'Team', 'gautam'),
	(440, 37, 'test-01', 'All tasks (Cards) related to the Calendar will be added under this Project.', 'Backlog', 'Medium', 12, '2025-02-16 00:00:00', '2025-02-15 13:36:16', '2025-02-15 13:51:10', 'task - 10', NULL, NULL, '', 'Team', 'gautam'),
	(443, 37, 'test-01', 'All tasks (Cards) related to the Calendar will be added under this Project.', 'Backlog', 'Medium', 12, '2025-02-16 00:00:00', '2025-02-15 13:36:16', '2025-02-15 13:51:10', 'task - 10', NULL, NULL, '', 'Team', 'gautam'),
	(446, 37, 'test-01', 'All tasks (Cards) related to the Calendar will be added under this Project.', 'Backlog', 'Medium', 12, '2025-02-16 00:00:00', '2025-02-15 13:36:16', '2025-02-15 13:51:10', 'task - 10', NULL, NULL, '', 'Team', 'gautam'),
	(449, 37, 'test-01', 'All tasks (Cards) related to the Calendar will be added under this Project.', 'Backlog', 'Medium', 12, '2025-02-16 00:00:00', '2025-02-15 13:36:16', '2025-02-15 14:38:56', 'task - 10', NULL, NULL, '', 'Team', 'gautam'),
	(463, 37, 'test-01', 'All tasks (Cards) related to the Calendar will be added under this Project.', 'Backlog', 'Medium', 12, NULL, '2025-02-20 10:58:38', '2025-02-20 10:58:38', 'new-status', NULL, NULL, '', 'Team', NULL),
	(466, 69, 'new task copied', 'null', 'Backlog', 'Medium', 12, NULL, '2025-02-20 12:59:21', '2025-03-22 15:08:07', 'approved', NULL, NULL, '', 'Team', NULL),
	(472, 69, 'new task image update', 'null', 'Backlog', 'Medium', 12, NULL, '2025-02-20 17:45:53', '2025-03-18 19:27:10', 'for-approval', NULL, '1740053307983.png', '', 'Team', NULL),
	(475, 69, 'new task in todo', 'No description provided', 'backlog', 'Medium', 12, '2025-01-12 13:00:00', '2025-02-21 16:18:36', '2025-03-07 11:39:30', 'rejected', '["1741327770405.png","1741327770658.png"]', '1741327671098.png', '05:10', 'Aman', NULL),
	(480, 37, 'test-01___done', 'All tasks (Cards) related to the Calendar will be added under this Project.', 'Backlog', 'Medium', 12, NULL, '2025-02-24 13:18:27', '2025-02-24 13:18:27', 'new-for-approval', NULL, NULL, '', 'Team', NULL),
	(485, 69, 'thunder ', '<b><i><u>Testing worked done</u></i></b>', 'backlog', 'Medium', 12, '2025-03-05 06:25:00', '2025-02-26 15:31:05', '2025-03-28 12:03:29', 'inprogress', '["1741247955031.png"]', '1740827569482.png', '12hours', 'Aman', NULL),
	(492, 69, 'A new task', 'null', 'backlog', 'Medium', 12, '2025-03-04 21:30:00', '2025-02-28 18:24:09', '2025-03-24 14:56:16', 'for-approval', '["1741250040329.png"]', '1742211855094.png', '05:10', 'Aman', NULL),
	(494, 36, 'Test', NULL, 'Backlog', 'Medium', 12, '2025-01-13 00:00:00', '2025-02-28 19:03:45', '2025-02-28 19:05:20', 'inprogress', NULL, NULL, '', 'Team', NULL),
	(498, 69, 'new tasj03', NULL, 'Backlog', 'Medium', 12, NULL, '2025-03-01 13:54:21', '2025-03-22 15:32:52', 'inprogress', NULL, NULL, 'complete', 'Team', NULL),
	(504, 69, 'thunder', NULL, 'Backlog', 'Medium', 12, NULL, '2025-03-01 15:46:03', '2025-03-07 18:09:57', 'rejected', NULL, NULL, 'complete', 'Team', NULL),
	(506, 69, 'new task 21', 'null', 'backlog', 'Medium', 12, '2025-03-06 06:30:00', '2025-03-01 16:03:16', '2025-03-29 13:36:05', 'inprogress', '["1741249716918.png"]', '1743235168088.png', '05:10', 'Gautam', NULL),
	(510, 69, 'new tasj03', NULL, 'Backlog', 'Medium', 12, NULL, '2025-03-04 16:46:39', '2025-03-04 16:46:39', '5', NULL, NULL, '', 'Team', NULL),
	(511, 69, 'new tasj03', NULL, 'Backlog', 'Medium', 12, NULL, '2025-03-04 16:46:56', '2025-03-04 16:46:56', '5', NULL, NULL, '', 'Team', NULL),
	(512, 69, 'new tasj03', NULL, 'Backlog', 'Medium', 12, NULL, '2025-03-04 16:47:46', '2025-03-04 16:47:46', '5', NULL, NULL, '', 'Team', NULL),
	(515, 36, 'task testing', NULL, 'Backlog', 'Medium', 12, '2025-01-13 00:00:00', '2025-03-05 15:32:17', '2025-03-05 15:32:17', 'inprogress', NULL, NULL, '', 'Team', NULL),
	(516, 69, 'new task today', 'null', 'backlog', 'Medium', 12, '2025-03-13 06:30:00', '2025-03-05 15:35:37', '2025-03-24 11:13:25', 'rejected', '["1741248820200.png","1741248820558.png"]', '1742211837492.png', '05:10', 'Team', NULL),
	(520, 69, 'new ticket for creator testing', 'No description provided', 'backlog', 'Medium', 12, '2025-01-12 18:30:00', '2025-03-20 17:03:48', '2025-03-24 15:12:21', 'in progress', NULL, '1742470478467.png', '05:10', 'Team', NULL),
	(521, 37, 'test-01__02 task', 'All tasks (Cards) related to the Calendar will be added under this Project.', 'backlog', 'Medium', 12, '2025-02-15 18:30:00', '2025-02-15 13:36:16', '2025-02-20 18:25:45', 'new-inprogess', NULL, NULL, '09:10', 'Team', 'gautam'),
	(522, 69, 'A new task', 'null', 'backlog', 'Medium', 12, '2025-03-04 21:30:00', '2025-02-28 18:24:09', '2025-03-22 15:32:52', 'new-inprogess', '["1741250040329.png"]', '1742211855094.png', '05:10', 'Aman', NULL),
	(523, 36, 'Test', NULL, 'Backlog', 'Medium', 12, '2025-01-13 00:00:00', '2025-02-28 19:03:45', '2025-02-28 19:05:20', 'new-inprogess', NULL, NULL, '', 'Team', NULL),
	(524, 69, 'new tasj03', NULL, 'Backlog', 'Medium', 12, NULL, '2025-03-01 13:54:21', '2025-03-22 15:32:52', 'new-inprogess', NULL, NULL, 'complete', 'Team', NULL),
	(525, 36, 'task testing', NULL, 'Backlog', 'Medium', 12, '2025-01-13 00:00:00', '2025-03-05 15:32:17', '2025-03-05 15:32:17', 'new-inprogess', NULL, NULL, '', 'Team', NULL),
	(526, 69, 'new task today', 'null', 'backlog', 'Medium', 12, '2025-03-13 06:30:00', '2025-03-05 15:35:37', '2025-03-22 15:32:52', 'new-inprogess', '["1741248820200.png","1741248820558.png"]', '1742211837492.png', '05:10', 'Team', NULL),
	(528, 69, 'new task today', 'null', 'Backlog', 'Medium', 12, NULL, '2025-03-24 11:14:03', '2025-03-24 15:12:21', 'in progress', '["1741248820200.png","1741248820558.png"]', '1742211837492.png', '', 'Team', NULL),
	(529, 69, 'new task today', 'null', 'Backlog', 'Medium', 12, NULL, '2025-03-24 11:14:03', '2025-03-24 11:14:03', 'copiedtodo', '["1741248820200.png","1741248820558.png"]', '1742211837492.png', '', 'Team', NULL),
	(530, 69, 'a changed  by Aman  id tittle', 'No description provided', 'backlog', 'Medium', 12, '2025-03-30 12:00:00', '2025-03-24 15:14:04', '2025-03-28 16:55:43', 'todo', NULL, '1743142137185.png', '04 hours', 'Aman', NULL),
	(531, 69, 'b updated 6', 'No description provided', 'backlog', 'Medium', 12, '2025-03-29 12:00:00', '2025-03-24 15:14:44', '2025-03-28 13:53:01', 'todo', NULL, NULL, 'incomplete', 'Team', NULL),
	(532, 69, 'c', NULL, 'Backlog', 'Medium', 12, '2025-01-13 00:00:00', '2025-03-24 15:14:51', '2025-03-28 11:06:33', 'todo', NULL, NULL, '', 'Team', NULL),
	(537, 69, 'a', NULL, 'Backlog', 'Medium', 12, NULL, '2025-03-28 11:16:51', '2025-03-28 11:16:51', 'inprogress', NULL, NULL, '', 'Team', NULL);

-- Dumping structure for table t_pm_db.ticket_assignees
CREATE TABLE IF NOT EXISTS `ticket_assignees` (
  `ta_id` int(11) NOT NULL AUTO_INCREMENT,
  `ticket_id` int(11) NOT NULL,
  `user_id` int(11) NOT NULL,
  `assigned_at` datetime DEFAULT current_timestamp(),
  PRIMARY KEY (`ta_id`),
  KEY `ticket_id` (`ticket_id`),
  KEY `user_id` (`user_id`),
  CONSTRAINT `ticket_assignees_ibfk_1` FOREIGN KEY (`ticket_id`) REFERENCES `tickets` (`ticket_id`),
  CONSTRAINT `ticket_assignees_ibfk_2` FOREIGN KEY (`user_id`) REFERENCES `users` (`user_id`)
) ENGINE=InnoDB DEFAULT CHARSET=utf8mb4 COLLATE=utf8mb4_general_ci;

-- Dumping data for table t_pm_db.ticket_assignees: ~0 rows (approximately)

-- Dumping structure for table t_pm_db.ticket_changes
CREATE TABLE IF NOT EXISTS `ticket_changes` (
  `id` int(11) NOT NULL AUTO_INCREMENT,
  `ticket_id` int(11) DEFAULT NULL,
  `change_description` varchar(255) DEFAULT NULL,
  `changed_at` datetime DEFAULT current_timestamp(),
  `changed_by` varchar(255) DEFAULT NULL,
  PRIMARY KEY (`id`)
) ENGINE=InnoDB AUTO_INCREMENT=27 DEFAULT CHARSET=utf8mb4 COLLATE=utf8mb4_general_ci;

-- Dumping data for table t_pm_db.ticket_changes: ~26 rows (approximately)
INSERT INTO `ticket_changes` (`id`, `ticket_id`, `change_description`, `changed_at`, `changed_by`) VALUES
	(1, 530, 'Due date changed from \'Sun Jan 12 2025 07:30:00 GMT+0530 (India Standard Time)\' to \'2025-01-12T02:00:00.000Z\'', '2025-03-28 12:15:37', 'Admin'),
	(2, 531, 'Due date changed from \'Sun Jan 12 2025 18:30:00 GMT+0530 (India Standard Time)\' to \'2025-01-12T13:00:00.000Z\'', '2025-03-28 12:26:17', 'Admin'),
	(3, 531, 'Title changed from \'b updated\' to \'b updated 2\'', '2025-03-28 12:26:58', 'Admin'),
	(4, 531, 'Due date changed from \'Sun Jan 12 2025 13:00:00 GMT+0530 (India Standard Time)\' to \'2025-01-12T07:30:00.000Z\'', '2025-03-28 12:26:58', 'Admin'),
	(5, 530, 'Due date changed from \'January 12th 2025, 2:00 AM\' to \'March 29th 2025, 12:00 PM\'', '2025-03-28 13:33:56', 'Admin'),
	(6, 531, 'Title changed from \'b updated 3\' to \'b updated 4\'', '2025-03-28 13:49:18', 'Admin'),
	(7, 531, 'Due date changed from \'January 12th 2025, 2:00 AM\' to \'January 12th 2025, 2:00 AM\'', '2025-03-28 13:49:18', 'Admin'),
	(8, 531, 'Title changed from \'b updated 4\' to \'b updated 5\'', '2025-03-28 13:51:12', 'Admin'),
	(9, 531, 'Title changed from \'b updated 5\' to \'b updated 6\'', '2025-03-28 13:53:01', 'Admin'),
	(10, 531, 'Due date changed from \'March 29th 2025, 12:00 PM\' to \'March 29th 2025, 12:00 PM\'', '2025-03-28 13:53:01', 'Admin'),
	(11, 530, 'Title changed from \'a updated again 2\' to \'a updated again 3\'', '2025-03-28 13:55:21', 'Admin'),
	(12, 530, 'Due date changed from \'March 29th 2025\' to \'March 30th 2025\'', '2025-03-28 13:56:05', 'Admin'),
	(13, 530, 'Title changed from \'a updated again 3\' to \'a changed by thunder\'', '2025-03-28 13:59:35', 'Unknown'),
	(14, 530, 'Ticket ETA changed from \'45\' to \'4\'', '2025-03-28 14:01:40', 'Unknown'),
	(15, 530, 'Ticket ETA changed from \'4\' to \'45\'', '2025-03-28 14:03:29', 'Thunder'),
	(16, 404, 'Due date changed from \'February 15th 2025\' to \'March 31st 2025\'', '2025-03-28 14:08:45', 'Gautam'),
	(17, 404, 'Ticket ETA changed from \'05:10\' to \'4days\'', '2025-03-28 14:19:21', 'Thunder'),
	(18, 530, 'Title changed from \'a changed by thunder\' to \'a changed by thunder 2\'', '2025-03-28 16:49:46', 'Thunder'),
	(19, 530, 'Title changed from \'a changed by thunder 2\' to \'a changed  by thunder id tittle\'', '2025-03-28 16:51:57', 'Thunder'),
	(20, 530, 'Ticket owner changed from \'Team\' to \'Thunder\'', '2025-03-28 16:52:45', 'Thunder'),
	(21, 530, 'Ticket ETA changed from \'45\' to \'04 hours\'', '2025-03-28 16:53:17', 'Thunder'),
	(22, 530, 'Title changed from \'a changed  by thunder id tittle\' to \'a changed  by utkarsh  id tittle\'', '2025-03-28 16:54:18', 'Utkarsh'),
	(23, 530, 'Ticket owner changed from \'Thunder\' to \'Utkarsh\'', '2025-03-28 16:54:43', 'Utkarsh'),
	(24, 530, 'Title changed from \'a changed  by utkarsh  id tittle\' to \'a changed  by Aman  id tittle\'', '2025-03-28 16:55:23', 'Aman'),
	(25, 530, 'Ticket owner changed from \'Utkarsh\' to \'Aman\'', '2025-03-28 16:55:43', 'Aman'),
	(26, 506, 'Card image updated', '2025-03-29 13:29:28', 'Thunder');

-- Dumping structure for table t_pm_db.ticket_history
CREATE TABLE IF NOT EXISTS `ticket_history` (
  `history_id` int(11) NOT NULL AUTO_INCREMENT,
  `ticket_id` int(11) NOT NULL,
  `updated_at` timestamp NOT NULL DEFAULT current_timestamp(),
  `previous_title` text DEFAULT NULL,
  `previous_description` text DEFAULT NULL,
  `previous_status` varchar(50) DEFAULT NULL,
  `previous_priority` varchar(50) DEFAULT NULL,
  `previous_due_date` datetime DEFAULT NULL,
  `previous_ticket_status` varchar(50) DEFAULT NULL,
  `previous_ticket_eta` varchar(50) DEFAULT NULL,
  `previous_images` text DEFAULT NULL,
  `previous_card_image` varchar(255) DEFAULT NULL,
  `previous_ticket_owner` varchar(255) DEFAULT NULL,
  PRIMARY KEY (`history_id`),
  KEY `ticket_id` (`ticket_id`),
  CONSTRAINT `ticket_history_ibfk_1` FOREIGN KEY (`ticket_id`) REFERENCES `tickets` (`ticket_id`)
) ENGINE=InnoDB AUTO_INCREMENT=289 DEFAULT CHARSET=utf8mb4 COLLATE=utf8mb4_general_ci;

-- Dumping data for table t_pm_db.ticket_history: ~69 rows (approximately)
INSERT INTO `ticket_history` (`history_id`, `ticket_id`, `updated_at`, `previous_title`, `previous_description`, `previous_status`, `previous_priority`, `previous_due_date`, `previous_ticket_status`, `previous_ticket_eta`, `previous_images`, `previous_card_image`, `previous_ticket_owner`) VALUES
	(199, 408, '2025-02-19 09:49:38', 'new task2', NULL, 'Backlog', 'Medium', '2025-01-13 00:00:00', 'rejected', '', NULL, NULL, 'Team'),
	(200, 404, '2025-02-19 10:34:42', 'test-01', 'All tasks (Cards) related to the Calendar will be added under this Project.', 'Backlog', 'Medium', '2025-02-16 00:00:00', 'for-approval', '', NULL, NULL, 'Team'),
	(201, 405, '2025-02-19 10:37:18', 'test-01', 'All tasks (Cards) related to the Calendar will be added under this Project.', 'Backlog', 'Medium', '2025-02-16 00:00:00', 'inprogress', '', NULL, NULL, 'Team'),
	(202, 408, '2025-02-19 10:38:05', 'new task2', 'null', 'backlog', 'Medium', '2025-01-12 18:30:00', 'rejected', '6hours and 40 minutes', '["1739958578639.png"]', '1739958578763.png', 'Team'),
	(206, 485, '2025-03-01 11:12:50', 'thunder', NULL, 'Backlog', 'Medium', NULL, 'todo', '5days', NULL, NULL, 'Team'),
	(207, 423, '2025-03-05 11:31:20', 'new task testing', 'null', 'backlog', 'Medium', '2025-01-12 18:30:00', 'inprogress', '', NULL, NULL, 'Team'),
	(208, 423, '2025-03-05 11:31:27', 'new task testing 2', 'null', 'backlog', 'Medium', '2025-01-12 13:00:00', 'inprogress', '05:10', NULL, NULL, 'Team'),
	(209, 423, '2025-03-05 11:31:36', 'new task testing 2', 'null', 'backlog', 'Medium', '2025-01-12 07:30:00', 'inprogress', '05:10', NULL, NULL, 'Team'),
	(210, 485, '2025-03-05 11:32:04', 'thunder', 'null', 'backlog', 'Medium', '0000-00-00 00:00:00', 'todo', '12hours', '["1740827569078.png"]', '1740827569482.png', 'Team'),
	(211, 485, '2025-03-05 11:32:49', 'thunder 2', 'null', 'backlog', 'Medium', '0000-00-00 00:00:00', 'todo', '12hours', '["1740827569078.png"]', '1740827569482.png', 'Aman'),
	(212, 423, '2025-03-05 12:00:51', 'new task testing 2', 'null', 'backlog', 'Medium', '2025-01-12 02:00:00', 'inprogress', '05:10', NULL, NULL, 'Team'),
	(213, 485, '2025-03-05 12:02:31', 'thunder 2', 'Work done', 'backlog', 'Medium', '2025-03-05 11:55:00', 'todo', '12hours', '["1741174368022.png"]', '1740827569482.png', 'Aman'),
	(214, 516, '2025-03-05 12:38:15', 'new task testing', 'null', 'Backlog', 'Medium', NULL, 'todo', '', NULL, NULL, 'Team'),
	(215, 485, '2025-03-06 07:59:15', 'thunder ', '<b><i><u>Testing worked done</u></i></b>', 'backlog', 'Medium', '2025-03-05 11:55:00', 'todo', '12hours', '["1741176149482.png"]', '1740827569482.png', 'Aman'),
	(216, 516, '2025-03-06 08:03:08', 'new task today', 'null', 'backlog', 'Medium', '0000-00-00 00:00:00', 'inprogress', '05:10', NULL, NULL, 'Team'),
	(217, 516, '2025-03-06 08:03:32', 'new task today', 'null', 'backlog', 'Medium', '0000-00-00 00:00:00', 'inprogress', '05:10', NULL, '1741248188106.jpg', 'Team'),
	(218, 516, '2025-03-06 08:06:36', 'new task today', 'null', 'backlog', 'Medium', '0000-00-00 00:00:00', 'inprogress', '05:10', NULL, '1741248212321.jpg', 'Team'),
	(219, 516, '2025-03-06 08:08:33', 'new task today', 'null', 'backlog', 'Medium', '0000-00-00 00:00:00', 'inprogress', '05:10', NULL, '1741248396061.png', 'Team'),
	(220, 516, '2025-03-06 08:10:36', 'new task today', 'null', 'backlog', 'Medium', '0000-00-00 00:00:00', 'inprogress', '05:10', NULL, '1741248513773.jpg', 'Team'),
	(221, 516, '2025-03-06 08:13:40', 'new task today', 'null', 'backlog', 'Medium', '2025-03-13 12:00:00', 'inprogress', '05:10', NULL, '1741248513773.jpg', 'Team'),
	(222, 506, '2025-03-06 08:28:37', 'new task 21', NULL, 'Backlog', 'Medium', NULL, 'for-approval', '', NULL, NULL, 'Gautam'),
	(223, 492, '2025-03-06 08:34:00', 'new task', NULL, 'Backlog', 'Medium', NULL, 'rejected', '', NULL, NULL, 'Aman'),
	(224, 475, '2025-03-07 06:07:51', 'new task in todo', NULL, 'Backlog', 'Medium', '2025-01-13 00:00:00', 'rejected', '', NULL, NULL, 'Aman'),
	(225, 475, '2025-03-07 06:09:30', 'new task in todo', 'No description provided', 'backlog', 'Medium', '2025-01-12 18:30:00', 'rejected', '05:10', '["1741327670193.png"]', '1741327671098.png', 'Aman'),
	(226, 516, '2025-03-17 11:43:57', 'new task today', 'null', 'backlog', 'Medium', '2025-03-13 12:00:00', 'inprogress', '05:10', '["1741248820200.png","1741248820558.png"]', '1741248513773.jpg', 'Team'),
	(227, 492, '2025-03-17 11:44:15', 'new task', 'null', 'backlog', 'Medium', '2025-03-06 12:00:00', 'inprogress', '05:10', '["1741250040329.png"]', '1741250040757.png', 'Aman'),
	(246, 520, '2025-03-20 11:34:38', 'new ticket for creator testing', NULL, 'Backlog', 'Medium', '2025-01-13 00:00:00', 'for-approval', '', NULL, NULL, 'Team'),
	(247, 492, '2025-03-20 11:42:35', 'new task', 'null', 'backlog', 'Medium', '2025-03-06 06:30:00', 'inprogress', '05:10', '["1741250040329.png"]', '1742211855094.png', 'Aman'),
	(248, 492, '2025-03-20 12:13:45', 'new task', 'null', 'backlog', 'Medium', '2025-03-06 01:00:00', 'inprogress', '05:10', '["1741250040329.png"]', '1742211855094.png', 'Aman'),
	(249, 492, '2025-03-20 12:19:39', 'new task', 'null', 'backlog', 'Medium', '2025-03-05 19:30:00', 'inprogress', '05:10', '["1741250040329.png"]', '1742211855094.png', 'Aman'),
	(250, 492, '2025-03-20 12:55:48', 'new task', 'null', 'backlog', 'Medium', '2025-03-05 14:00:00', 'inprogress', '05:10', '["1741250040329.png"]', '1742211855094.png', 'Aman'),
	(251, 492, '2025-03-20 12:57:18', 'new task', 'null', 'backlog', 'Medium', '2025-03-05 08:30:00', 'inprogress', '05:10', '["1741250040329.png"]', '1742211855094.png', 'Aman'),
	(252, 492, '2025-03-20 12:58:14', 'new task', 'null', 'backlog', 'Medium', '2025-03-05 08:30:00', 'inprogress', '05:10', '["1741250040329.png"]', '1742211855094.png', 'Aman'),
	(253, 492, '2025-03-22 08:53:48', 'new task', 'null', 'backlog', 'Medium', '2025-03-05 03:00:00', 'inprogress', '05:10', '["1741250040329.png"]', '1742211855094.png', 'Aman'),
	(254, 530, '2025-03-28 06:04:20', 'a', NULL, 'Backlog', 'Medium', '2025-01-13 00:00:00', 'todo', '', NULL, NULL, 'Team'),
	(255, 530, '2025-03-28 06:05:39', 'a', NULL, 'Backlog', 'Medium', '2025-01-13 00:00:00', 'todo', '', NULL, NULL, 'Team'),
	(256, 530, '2025-03-28 06:06:18', 'a', NULL, 'Backlog', 'Medium', '2025-01-13 00:00:00', 'todo', '', NULL, NULL, 'Team'),
	(257, 530, '2025-03-28 06:06:49', 'a', NULL, 'Backlog', 'Medium', '2025-01-13 00:00:00', 'todo', '', NULL, NULL, 'Team'),
	(258, 530, '2025-03-28 06:07:53', 'a', NULL, 'Backlog', 'Medium', '2025-01-13 00:00:00', 'todo', '', NULL, NULL, 'Team'),
	(259, 530, '2025-03-28 06:08:57', 'a', NULL, 'Backlog', 'Medium', '2025-01-13 00:00:00', 'todo', '', NULL, NULL, 'Team'),
	(260, 530, '2025-03-28 06:12:47', 'a updated', 'No description provided', 'backlog', 'Medium', '2025-01-12 18:30:00', 'todo', '45', NULL, '1743142137185.png', 'Team'),
	(261, 405, '2025-03-28 06:13:57', 'test-01__02 task', 'All tasks (Cards) related to the Calendar will be added under this Project.', 'backlog', 'Medium', '2025-02-15 18:30:00', 'inprogress', '09:10', NULL, NULL, 'Team'),
	(262, 530, '2025-03-28 06:43:28', 'a updated again', 'No description provided', 'backlog', 'Medium', '2025-01-12 13:00:00', 'todo', '45', NULL, '1743142137185.png', 'Team'),
	(263, 530, '2025-03-28 06:45:37', 'a updated again 2', 'No description provided', 'backlog', 'Medium', '2025-01-12 07:30:00', 'todo', '45', NULL, '1743142137185.png', 'Team'),
	(264, 531, '2025-03-28 06:54:08', 'b', NULL, 'Backlog', 'Medium', '2025-01-13 00:00:00', 'todo', 'incomplete', NULL, NULL, 'Team'),
	(265, 531, '2025-03-28 06:56:17', 'b updated', 'No description provided', 'backlog', 'Medium', '2025-01-12 18:30:00', 'todo', 'incomplete', NULL, NULL, 'Team'),
	(266, 531, '2025-03-28 06:56:58', 'b updated', 'No description provided', 'backlog', 'Medium', '2025-01-12 13:00:00', 'todo', 'incomplete', NULL, NULL, 'Team'),
	(267, 530, '2025-03-28 08:03:56', 'a updated again 2', 'No description provided', 'backlog', 'Medium', '2025-01-12 02:00:00', 'todo', '45', NULL, '1743142137185.png', 'Team'),
	(268, 531, '2025-03-28 08:12:38', 'b updated 2', 'No description provided', 'backlog', 'Medium', '2025-01-12 07:30:00', 'todo', 'incomplete', NULL, NULL, 'Team'),
	(269, 531, '2025-03-28 08:19:18', 'b updated 3', 'No description provided', 'backlog', 'Medium', '2025-01-12 02:00:00', 'todo', 'incomplete', NULL, NULL, 'Team'),
	(270, 531, '2025-03-28 08:21:12', 'b updated 4', 'No description provided', 'backlog', 'Medium', '2025-01-11 20:30:00', 'todo', 'incomplete', NULL, NULL, 'Team'),
	(271, 531, '2025-03-28 08:21:41', 'b updated 5', 'No description provided', 'backlog', 'Medium', '2025-01-11 15:00:00', 'todo', 'incomplete', NULL, NULL, 'Team'),
	(272, 531, '2025-03-28 08:23:01', 'b updated 5', 'No description provided', 'backlog', 'Medium', '2025-03-29 12:00:00', 'todo', 'incomplete', NULL, NULL, 'Team'),
	(273, 530, '2025-03-28 08:25:21', 'a updated again 2', 'No description provided', 'backlog', 'Medium', '2025-03-29 12:00:00', 'todo', '45', NULL, '1743142137185.png', 'Team'),
	(274, 530, '2025-03-28 08:26:05', 'a updated again 3', 'No description provided', 'backlog', 'Medium', '2025-03-29 12:00:00', 'todo', '45', NULL, '1743142137185.png', 'Team'),
	(275, 530, '2025-03-28 08:29:35', 'a updated again 3', 'No description provided', 'backlog', 'Medium', '2025-03-30 12:00:00', 'todo', '45', NULL, '1743142137185.png', 'Team'),
	(276, 530, '2025-03-28 08:31:40', 'a changed by thunder', 'No description provided', 'backlog', 'Medium', '2025-03-30 12:00:00', 'todo', '45', NULL, '1743142137185.png', 'Team'),
	(277, 530, '2025-03-28 08:33:29', 'a changed by thunder', 'No description provided', 'backlog', 'Medium', '2025-03-30 12:00:00', 'todo', '4', NULL, '1743142137185.png', 'Team'),
	(278, 404, '2025-03-28 08:38:45', 'test-01___done', 'All tasks (Cards) related to the Calendar will be added under this Project.', 'backlog', 'Medium', '2025-02-15 18:30:00', 'for-approval', '05:10', NULL, NULL, 'Team'),
	(279, 404, '2025-03-28 08:49:21', 'test-01___done', 'All tasks (Cards) related to the Calendar will be added under this Project.', 'backlog', 'Medium', '2025-03-31 12:00:00', 'for-approval', '05:10', NULL, NULL, 'Team'),
	(280, 530, '2025-03-28 11:19:46', 'a changed by thunder', 'No description provided', 'backlog', 'Medium', '2025-03-30 12:00:00', 'todo', '45', NULL, '1743142137185.png', 'Team'),
	(281, 530, '2025-03-28 11:21:57', 'a changed by thunder 2', 'No description provided', 'backlog', 'Medium', '2025-03-30 12:00:00', 'todo', '45', NULL, '1743142137185.png', 'Team'),
	(282, 530, '2025-03-28 11:22:45', 'a changed  by thunder id tittle', 'No description provided', 'backlog', 'Medium', '2025-03-30 12:00:00', 'todo', '45', NULL, '1743142137185.png', 'Team'),
	(283, 530, '2025-03-28 11:23:17', 'a changed  by thunder id tittle', 'No description provided', 'backlog', 'Medium', '2025-03-30 12:00:00', 'todo', '45', NULL, '1743142137185.png', 'Thunder'),
	(284, 530, '2025-03-28 11:24:18', 'a changed  by thunder id tittle', 'No description provided', 'backlog', 'Medium', '2025-03-30 12:00:00', 'todo', '04 hours', NULL, '1743142137185.png', 'Thunder'),
	(285, 530, '2025-03-28 11:24:43', 'a changed  by utkarsh  id tittle', 'No description provided', 'backlog', 'Medium', '2025-03-30 12:00:00', 'todo', '04 hours', NULL, '1743142137185.png', 'Thunder'),
	(286, 530, '2025-03-28 11:25:23', 'a changed  by utkarsh  id tittle', 'No description provided', 'backlog', 'Medium', '2025-03-30 12:00:00', 'todo', '04 hours', NULL, '1743142137185.png', 'Utkarsh'),
	(287, 530, '2025-03-28 11:25:43', 'a changed  by Aman  id tittle', 'No description provided', 'backlog', 'Medium', '2025-03-30 12:00:00', 'todo', '04 hours', NULL, '1743142137185.png', 'Utkarsh'),
	(288, 506, '2025-03-29 07:59:28', 'new task 21', 'null', 'backlog', 'Medium', '2025-03-06 12:00:00', 'for-approval', '05:10', '["1741249716918.png"]', '1741249717843.png', 'Gautam');

-- Dumping structure for table t_pm_db.users
CREATE TABLE IF NOT EXISTS `users` (
  `user_id` int(11) NOT NULL AUTO_INCREMENT,
  `role_id` int(11) NOT NULL,
  `username` varchar(255) NOT NULL,
  `password` varchar(255) NOT NULL,
  `first_name` varchar(100) DEFAULT NULL,
  `last_name` varchar(100) DEFAULT NULL,
  `user_status` tinyint(4) DEFAULT 1,
  `created_at` datetime DEFAULT current_timestamp(),
  `updated_at` datetime DEFAULT current_timestamp() ON UPDATE current_timestamp(),
  PRIMARY KEY (`user_id`),
  KEY `role_id` (`role_id`),
  CONSTRAINT `users_ibfk_1` FOREIGN KEY (`role_id`) REFERENCES `roles` (`role_id`)
) ENGINE=InnoDB AUTO_INCREMENT=47 DEFAULT CHARSET=utf8mb4 COLLATE=utf8mb4_general_ci;

-- Dumping data for table t_pm_db.users: ~4 rows (approximately)
INSERT INTO `users` (`user_id`, `role_id`, `username`, `password`, `first_name`, `last_name`, `user_status`, `created_at`, `updated_at`) VALUES
	(12, 1, 'Thunder', '$2a$10$zAzcLQMkp33BvJH4mmd0ge0zqWJ5y5bVqT9gm2qeFkpKBMe0LLwGW', 'Thunder', '', 1, '2025-01-10 17:18:12', '2025-01-21 14:11:36'),
	(13, 3, 'Aman', '$2a$10$Mn/KrzUVtWtqRhatumQa5O2fn4zXJGCd22hCeUmJGxFmZWc6U.urS', 'Aman', 'Singh', 1, '2025-01-10 17:20:39', '2025-01-10 17:47:23'),
	(14, 3, 'Gautam', '$2a$10$kgbs9Jv356rE2uWHrmFBiOGA9IxBBw1vrCvbyucTi0K97nHQAL01i', 'Gautam', 'Shukla', 1, '2025-01-10 17:20:54', '2025-01-18 11:01:35'),
	(15, 3, 'Utkarsh', '$2a$10$f6JKLzzxb3HewJ5ogxZ.guFZhLGVbEqNxW72soractXm5wcM7zfFe', 'Utkarsh', 'Singh', 1, '2025-01-10 17:21:35', '2025-01-10 17:47:29');

-- Dumping structure for table t_pm_db.user_history
CREATE TABLE IF NOT EXISTS `user_history` (
  `id` int(11) NOT NULL AUTO_INCREMENT,
  `user_id` int(11) NOT NULL,
  `role_id` int(11) DEFAULT NULL,
  `username` varchar(255) DEFAULT NULL,
  `first_name` varchar(255) DEFAULT NULL,
  `last_name` varchar(255) DEFAULT NULL,
  `updated_at` timestamp NOT NULL DEFAULT current_timestamp(),
  PRIMARY KEY (`id`),
  KEY `FK_user_history_roles` (`role_id`),
  CONSTRAINT `FK_user_history_roles` FOREIGN KEY (`role_id`) REFERENCES `roles` (`role_id`) ON DELETE NO ACTION ON UPDATE NO ACTION
) ENGINE=InnoDB AUTO_INCREMENT=11 DEFAULT CHARSET=utf8mb4 COLLATE=utf8mb4_general_ci;

-- Dumping data for table t_pm_db.user_history: ~7 rows (approximately)
INSERT INTO `user_history` (`id`, `user_id`, `role_id`, `username`, `first_name`, `last_name`, `updated_at`) VALUES
	(2, 36, 31, 'sm@gmail.com', 'Sumit', 'Singh', '2025-01-28 10:28:37'),
	(4, 37, 31, 'subham@gmail.com', 'Shubham', 'Singh', '2025-01-28 11:06:54'),
	(5, 42, 30, 'task@gmail.com', 'Task', 'test', '2025-01-28 12:28:51'),
	(6, 43, 31, 'testing@gmail.com', 'Testing', '02', '2025-01-28 12:29:32'),
	(7, 45, 31, 'Task@gmail.com', 'Task', '09', '2025-01-28 12:42:36'),
	(8, 45, 1, 'Task@gmail.com', 'Task test', '09', '2025-01-28 12:49:53'),
	(9, 44, 30, 'john@gmail.com', 'john', 'doe', '2025-01-28 12:42:07'),
	(10, 44, 30, 'Testing@gmail.com', 'Testing', 'work', '2025-01-28 13:37:15');

/*!40103 SET TIME_ZONE=IFNULL(@OLD_TIME_ZONE, 'system') */;
/*!40101 SET SQL_MODE=IFNULL(@OLD_SQL_MODE, '') */;
/*!40014 SET FOREIGN_KEY_CHECKS=IFNULL(@OLD_FOREIGN_KEY_CHECKS, 1) */;
/*!40101 SET CHARACTER_SET_CLIENT=@OLD_CHARACTER_SET_CLIENT */;
/*!40111 SET SQL_NOTES=IFNULL(@OLD_SQL_NOTES, 1) */;
